Cameroon,Adamaoua,Djerem,Ngaoundal,Ngaoundal Ville,Baya Hadjida
Cameroon,Adamaoua,Djerem,Ngaoundal,Ngaoundal Ville,Beka Ngaoundal
Cameroon,Adamaoua,Djerem,Ngaoundal,Ngaoundal Ville,Camp Militaire (Cfpan)
Cameroon,Adamaoua,Djerem,Ngaoundal,Ngaoundal Ville,Djaourayadji/ Sambombilo
Cameroon,Adamaoua,Djerem,Ngaoundal,Ngaoundal Ville,Djaouro Bello
Cameroon,Adamaoua,Djerem,Ngaoundal,Ngaoundal Ville,Gare
Cameroon,Adamaoua,Djerem,Ngaoundal,Ngaoundal Ville,Gbalonga
Cameroon,Adamaoua,Djerem,Ngaoundal,Ngaoundal Ville,Lena
Cameroon,Adamaoua,Djerem,Ngaoundal,Ngaoundal Ville,Mambaya
Cameroon,Adamaoua,Djerem,Ngaoundal,Ngaoundal Ville,Mandal Gare
Cameroon,Adamaoua,Djerem,Ngaoundal,Ngaoundal Ville,Mbarnang
Cameroon,Adamaoua,Djerem,Ngaoundal,Ngaoundal Ville,Modibo Aboubakar Gbalong
Cameroon,Adamaoua,Djerem,Ngaoundal,Ngaoundal Ville,Sangsi
Cameroon,Adamaoua,Djerem,Ngaoundal,Ngaoundal Ville,Taparé I
Cameroon,Adamaoua,Djerem,Ngaoundal,Ngaoundal Ville,Taparé II
Cameroon,Adamaoua,Djerem,Ngaoundal,Ngaoundal Ville,Tigueda
Cameroon,Adamaoua,Djerem,Ngaoundal,Beka Gotto,Bamyanga
Cameroon,Adamaoua,Djerem,Ngaoundal,Beka Gotto,Beka Gotto
Cameroon,Adamaoua,Djerem,Ngaoundal,Beka Gotto,Bella Fokou
Cameroon,Adamaoua,Djerem,Ngaoundal,Beka Gotto,Betara Gongo
Cameroon,Adamaoua,Djerem,Ngaoundal,Beka Gotto,Danfili
Cameroon,Adamaoua,Djerem,Ngaoundal,Beka Gotto,Djoundé
Cameroon,Adamaoua,Djerem,Ngaoundal,Beka Gotto,Febadi
Cameroon,Adamaoua,Djerem,Ngaoundal,Beka Gotto,Gonmana
Cameroon,Adamaoua,Djerem,Ngaoundal,Beka Gotto,Kassa Mbere
Cameroon,Adamaoua,Djerem,Ngaoundal,Beka Gotto,Mbiyoka
Cameroon,Adamaoua,Djerem,Ngaoundal,Canton De Mbarnang,Boulama Pangara
Cameroon,Adamaoua,Djerem,Ngaoundal,Canton De Mbarnang,Demgoya
Cameroon,Adamaoua,Djerem,Ngaoundal,Canton De Mbarnang,Gazagazade
Cameroon,Adamaoua,Djerem,Ngaoundal,Canton De Mbarnang,Honta
Cameroon,Adamaoua,Djerem,Ngaoundal,Canton De Mbarnang,Kassa
Cameroon,Adamaoua,Djerem,Ngaoundal,Canton De Mbarnang,Madjoing
Cameroon,Adamaoua,Djerem,Ngaoundal,Canton De Mbarnang,Mafara
Cameroon,Adamaoua,Djerem,Ngaoundal,Canton De Mbarnang,Magbor
Cameroon,Adamaoua,Djerem,Ngaoundal,Canton De Mbarnang,Mandourou
Cameroon,Adamaoua,Djerem,Ngaoundal,Canton De Mbarnang,Carrefour
Cameroon,Adamaoua,Djerem,Ngaoundal,Canton De Mbarnang,Massim Cooperative
Cameroon,Adamaoua,Djerem,Ngaoundal,Canton De Mbarnang,Mbarnang
Cameroon,Adamaoua,Djerem,Ngaoundal,Canton De Mbarnang,Ngalbize /Sallo II
Cameroon,Adamaoua,Djerem,Ngaoundal,Canton De Mbarnang,Pangar
Cameroon,Adamaoua,Djerem,Ngaoundal,Canton De Mbarnang,Sackmassa
Cameroon,Adamaoua,Djerem,Ngaoundal,Canton De Mbarnang,Sallo Abel
Cameroon,Adamaoua,Djerem,Ngaoundal,Canton De Mbarnang,Zamboi/Zamboi Bague
Cameroon,Adamaoua,Djerem,Ngaoundal,Ngaoundal Rural,Djaouro Koumbo
Cameroon,Adamaoua,Djerem,Ngaoundal,Ngaoundal Rural,Djoussi-Malaou
Cameroon,Adamaoua,Djerem,Tibati,Tibati Ville,Centre Commercial
Cameroon,Adamaoua,Djerem,Tibati,Tibati Ville,Fada
Cameroon,Adamaoua,Djerem,Tibati,Tibati Ville,Malarba 1
Cameroon,Adamaoua,Djerem,Tibati,Tibati Ville,Malarba 2
Cameroon,Adamaoua,Djerem,Tibati,Tibati Ville,Meng
Cameroon,Adamaoua,Djerem,Tibati,Tibati Ville,Ngaoubela
Cameroon,Adamaoua,Djerem,Tibati,Tibati Ville,Panyere 1
Cameroon,Adamaoua,Djerem,Tibati,Tibati Ville,Panyere 2
Cameroon,Adamaoua,Djerem,Tibati,Tibati Ville,Quartier 22 Aout
Cameroon,Adamaoua,Djerem,Tibati,Tibati Ville,Quartier
Cameroon,Adamaoua,Djerem,Tibati,Tibati Ville,Administratif
Cameroon,Adamaoua,Djerem,Tibati,Tibati Ville,Sabongari
Cameroon,Adamaoua,Djerem,Tibati,Tibati Ville,Tomi 1
Cameroon,Adamaoua,Djerem,Tibati,Tibati Ville,Tomi 2
Cameroon,Adamaoua,Djerem,Tibati,Tibati Ville,Wourta Babbal
Cameroon,Adamaoua,Djerem,Tibati,Tibati Ville,Yoko
Cameroon,Adamaoua,Djerem,Tibati,Lamidat De Tibati,Bantaï
Cameroon,Adamaoua,Djerem,Tibati,Lamidat De Tibati,Camp Sonel
Cameroon,Adamaoua,Djerem,Tibati,Lamidat De Tibati,Daber-Mbang
Cameroon,Adamaoua,Djerem,Tibati,Lamidat De Tibati,Djoah (Allat Mengack)
Cameroon,Adamaoua,Djerem,Tibati,Lamidat De Tibati,Djombi
Cameroon,Adamaoua,Djerem,Tibati,Lamidat De Tibati,Foret
Cameroon,Adamaoua,Djerem,Tibati,Lamidat De Tibati,Goumbi
Cameroon,Adamaoua,Djerem,Tibati,Lamidat De Tibati,Kandje
Cameroon,Adamaoua,Djerem,Tibati,Lamidat De Tibati,Karna
Cameroon,Adamaoua,Djerem,Tibati,Lamidat De Tibati,Koata
Cameroon,Adamaoua,Djerem,Tibati,Lamidat De Tibati,Lainde Ngoudda
Cameroon,Adamaoua,Djerem,Tibati,Lamidat De Tibati,Lippel
Cameroon,Adamaoua,Djerem,Tibati,Lamidat De Tibati,Mafo Mere
Cameroon,Adamaoua,Djerem,Tibati,Lamidat De Tibati,Mahka Boubala
Cameroon,Adamaoua,Djerem,Tibati,Lamidat De Tibati,Mahor
Cameroon,Adamaoua,Djerem,Tibati,Lamidat De Tibati,Maisaba
Cameroon,Adamaoua,Djerem,Tibati,Lamidat De Tibati,Mandjara
Cameroon,Adamaoua,Djerem,Tibati,Lamidat De Tibati,Masse
Cameroon,Adamaoua,Djerem,Tibati,Lamidat De Tibati,Mayo Kewol Marma
Cameroon,Adamaoua,Djerem,Tibati,Lamidat De Tibati,Mbakaou
Cameroon,Adamaoua,Djerem,Tibati,Lamidat De Tibati,Mbamti Katarko
Cameroon,Adamaoua,Djerem,Tibati,Lamidat De Tibati,Mbella-Assom
Cameroon,Adamaoua,Djerem,Tibati,Lamidat De Tibati,Mbirim
Cameroon,Adamaoua,Djerem,Tibati,Lamidat De Tibati,Mengack
Cameroon,Adamaoua,Djerem,Tibati,Lamidat De Tibati,Ngatt
Cameroon,Adamaoua,Djerem,Tibati,Lamidat De Tibati,Pang
Cameroon,Adamaoua,Djerem,Tibati,Lamidat De Tibati,Tongo
Cameroon,Adamaoua,Djerem,Tibati,Lamidat De Tibati,Mayo Kewol Tibati
Cameroon,Adamaoua,Djerem,Tibati,Lamidat De Tibati,Modibo Saliou
Cameroon,Adamaoua,Djerem,Tibati,Lamidat De Ngaoundere,Minim
Cameroon,Adamaoua,Djerem,Tibati,Lamidat De Ngaoundere,Barode
Cameroon,Adamaoua,Djerem,Tibati,Meidjamba,Boninting
Cameroon,Adamaoua,Djerem,Tibati,Meidjamba,Gongotoua
Cameroon,Adamaoua,Djerem,Tibati,Meidjamba,Liboum II
Cameroon,Adamaoua,Djerem,Tibati,Meidjamba,Maback'la
Cameroon,Adamaoua,Djerem,Tibati,Meidjamba,Makandao
Cameroon,Adamaoua,Djerem,Tibati,Meidjamba,Mangle
Cameroon,Adamaoua,Djerem,Tibati,Meidjamba,Mbansiri
Cameroon,Adamaoua,Djerem,Tibati,Meidjamba,Mbanti-Mbang
Cameroon,Adamaoua,Djerem,Tibati,Meidjamba,Mbidira
Cameroon,Adamaoua,Djerem,Tibati,Meidjamba,Mbitom
Cameroon,Adamaoua,Djerem,Tibati,Meidjamba,Mbitom Kassa
Cameroon,Adamaoua,Djerem,Tibati,Meidjamba,Meidjamba
Cameroon,Adamaoua,Djerem,Tibati,Meidjamba,Naskoul
Cameroon,Adamaoua,Djerem,Tibati,Meidjamba,Nyadjida
Cameroon,Adamaoua,Djerem,Tibati,Meidjamba,Sola
Cameroon,Adamaoua,Faro Et Deo,Galim Tignere,Galim Tignere Ville,Fada
Cameroon,Adamaoua,Faro Et Deo,Galim Tignere,Galim Tignere Ville,Foulbéré
Cameroon,Adamaoua,Faro Et Deo,Galim Tignere,Galim Tignere Ville,Gorkira
Cameroon,Adamaoua,Faro Et Deo,Galim Tignere,Galim Tignere Ville,Haoussa
Cameroon,Adamaoua,Faro Et Deo,Galim Tignere,Galim Tignere Ville,Koléré
Cameroon,Adamaoua,Faro Et Deo,Galim Tignere,Galim Tignere Ville,Tike
Cameroon,Adamaoua,Faro Et Deo,Galim Tignere,Lamidat De Galim,Beri
Cameroon,Adamaoua,Faro Et Deo,Galim Tignere,Lamidat De Galim,Bontadji
Cameroon,Adamaoua,Faro Et Deo,Galim Tignere,Lamidat De Galim,Bourle
Cameroon,Adamaoua,Faro Et Deo,Galim Tignere,Lamidat De Galim,Djambouto Nastirde
Cameroon,Adamaoua,Faro Et Deo,Galim Tignere,Lamidat De Galim,Djem
Cameroon,Adamaoua,Faro Et Deo,Galim Tignere,Lamidat De Galim,Garbaya II
Cameroon,Adamaoua,Faro Et Deo,Galim Tignere,Lamidat De Galim,Garbayo Iware II
Cameroon,Adamaoua,Faro Et Deo,Galim Tignere,Lamidat De Galim,Gonkira
Cameroon,Adamaoua,Faro Et Deo,Galim Tignere,Lamidat De Galim,Mayo-Beli
Cameroon,Adamaoua,Faro Et Deo,Galim Tignere,Lamidat De Galim,Mayo-Dankali
Cameroon,Adamaoua,Faro Et Deo,Galim Tignere,Lamidat De Galim,Mayo-Perde
Cameroon,Adamaoua,Faro Et Deo,Galim Tignere,Lamidat De Galim,Mayo-Sangnare
Cameroon,Adamaoua,Faro Et Deo,Galim Tignere,Lamidat De Galim,Mayo-Tagouri Vivre
Cameroon,Adamaoua,Faro Et Deo,Galim Tignere,Lamidat De Galim,Mboudoua
Cameroon,Adamaoua,Faro Et Deo,Galim Tignere,Lamidat De Galim,Ngouri
Cameroon,Adamaoua,Faro Et Deo,Galim Tignere,Lamidat De Galim,Ngouri Legal Goro
Cameroon,Adamaoua,Faro Et Deo,Galim Tignere,Lamidat De Galim,Ngouri-Bari
Cameroon,Adamaoua,Faro Et Deo,Galim Tignere,Lamidat De Galim,Nguara
Cameroon,Adamaoua,Faro Et Deo,Galim Tignere,Lamidat De Galim,Nguinkol-Assawe
Cameroon,Adamaoua,Faro Et Deo,Galim Tignere,Lamidat De Galim,Sabongari
Cameroon,Adamaoua,Faro Et Deo,Galim Tignere,Lamidat De Galim,Tagouri-Pont
Cameroon,Adamaoua,Faro Et Deo,Galim Tignere,Lamidat De Galim,Tchabal Mbabo
Cameroon,Adamaoua,Faro Et Deo,Galim Tignere,Lamidat De Galim,Tike
Cameroon,Adamaoua,Faro Et Deo,Galim Tignere,Lamidat De Galim,Tonde Wandou
Cameroon,Adamaoua,Faro Et Deo,Galim Tignere,Lamidat De Galim,Wantchande
Cameroon,Adamaoua,Faro Et Deo,Galim Tignere,Lamidat De Galim,Wogondou
Cameroon,Adamaoua,Faro Et Deo,Galim Tignere,Lamidat De Lompta,Lompta
Cameroon,Adamaoua,Faro Et Deo,Kontcha,Kontcha Ville,Chiroma
Cameroon,Adamaoua,Faro Et Deo,Kontcha,Kontcha Ville,Fada
Cameroon,Adamaoua,Faro Et Deo,Kontcha,Kontcha Ville,Garladji
Cameroon,Adamaoua,Faro Et Deo,Kontcha,Kontcha Ville,Haoussa
Cameroon,Adamaoua,Faro Et Deo,Kontcha,Lamidat De Kontcha,Djombi
Cameroon,Adamaoua,Faro Et Deo,Kontcha,Lamidat De Kontcha,Dow Deo
Cameroon,Adamaoua,Faro Et Deo,Kontcha,Lamidat De Kontcha,Gada-Mayo
Cameroon,Adamaoua,Faro Et Deo,Kontcha,Lamidat De Kontcha,Kodjoli
Cameroon,Adamaoua,Faro Et Deo,Mayo Baleo,Mayo Baleo Ville,Deulwalti
Cameroon,Adamaoua,Faro Et Deo,Mayo Baleo,Mayo Baleo Ville,Dingti
Cameroon,Adamaoua,Faro Et Deo,Mayo Baleo,Mayo Baleo Ville,Fada
Cameroon,Adamaoua,Faro Et Deo,Mayo Baleo,Mayo Baleo Ville,Koubaï
Cameroon,Adamaoua,Faro Et Deo,Mayo Baleo,Mayo Baleo Ville,Lassoumti
Cameroon,Adamaoua,Faro Et Deo,Mayo Baleo,Alme,Alme
Cameroon,Adamaoua,Faro Et Deo,Mayo Baleo,Alme,Dilecti
Cameroon,Adamaoua,Faro Et Deo,Mayo Baleo,Alme,Djalecti
Cameroon,Adamaoua,Faro Et Deo,Mayo Baleo,Alme,Galti
Cameroon,Adamaoua,Faro Et Deo,Mayo Baleo,Alme,Gnibango
Cameroon,Adamaoua,Faro Et Deo,Mayo Baleo,Alme,Gourwati
Cameroon,Adamaoua,Faro Et Deo,Mayo Baleo,Alme,Guereng
Cameroon,Adamaoua,Faro Et Deo,Mayo Baleo,Alme,Kougoumti
Cameroon,Adamaoua,Faro Et Deo,Mayo Baleo,Alme,Lassoumti
Cameroon,Adamaoua,Faro Et Deo,Mayo Baleo,Alme,Oulti ( Malti )
Cameroon,Adamaoua,Faro Et Deo,Mayo Baleo,Alme,Sarki-Mata
Cameroon,Adamaoua,Faro Et Deo,Mayo Baleo,Alme,Vogti (
Cameroon,Adamaoua,Faro Et Deo,Mayo Baleo,Alme,Vougourwati )
Cameroon,Adamaoua,Faro Et Deo,Mayo Baleo,Gadjiwan,Djali
Cameroon,Adamaoua,Faro Et Deo,Mayo Baleo,Gadjiwan,Djoumvoli
Cameroon,Adamaoua,Faro Et Deo,Mayo Baleo,Gadjiwan,Gadjiwan
Cameroon,Adamaoua,Faro Et Deo,Mayo Baleo,Gadjiwan,Gneti
Cameroon,Adamaoua,Faro Et Deo,Mayo Baleo,Gadjiwan,Gourwalti
Cameroon,Adamaoua,Faro Et Deo,Mayo Baleo,Gadjiwan,Guendoumin
Cameroon,Adamaoua,Faro Et Deo,Mayo Baleo,Gadjiwan,Mayako
Cameroon,Adamaoua,Faro Et Deo,Mayo Baleo,Lamidat De Mayo-Baleo,Becti
Cameroon,Adamaoua,Faro Et Deo,Mayo Baleo,Lamidat De Mayo-Baleo,Djamtari
Cameroon,Adamaoua,Faro Et Deo,Mayo Baleo,Lamidat De Mayo-Baleo,Ganati
Cameroon,Adamaoua,Faro Et Deo,Mayo Baleo,Lamidat De Mayo-Baleo,Kougoumti
Cameroon,Adamaoua,Faro Et Deo,Mayo Baleo,Lamidat De Mayo-Baleo,Mayo-Badji
Cameroon,Adamaoua,Faro Et Deo,Mayo Baleo,Lamidat De Mayo-Baleo,Mayo-Djaoulé
Cameroon,Adamaoua,Faro Et Deo,Mayo Baleo,Lamidat De Mayo-Baleo,Mayo-Kaoledji
Cameroon,Adamaoua,Faro Et Deo,Mayo Baleo,Lamidat De Mayo-Baleo,Pawati
Cameroon,Adamaoua,Faro Et Deo,Mayo Baleo,Lamidat De Mayo-Baleo,Salassa
Cameroon,Adamaoua,Faro Et Deo,Mayo Baleo,Lamidat De Mayo-Baleo,Tongo Sarki Yayï
Cameroon,Adamaoua,Faro Et Deo,Mayo Baleo,Samlecti,Samlecti
Cameroon,Adamaoua,Faro Et Deo,Mayo Baleo,Samlecti,Trouatoumti
Cameroon,Adamaoua,Faro Et Deo,Tignere,Tignere Ville,Fada
Cameroon,Adamaoua,Faro Et Deo,Tignere,Tignere Ville,Haoussa
Cameroon,Adamaoua,Faro Et Deo,Tignere,Tignere Ville,Lac
Cameroon,Adamaoua,Faro Et Deo,Tignere,Tignere Ville,Marouaré
Cameroon,Adamaoua,Faro Et Deo,Tignere,Tignere Ville,Mayang Travaux
Cameroon,Adamaoua,Faro Et Deo,Tignere,Tignere Ville,Mayo Bororo
Cameroon,Adamaoua,Faro Et Deo,Tignere,Tignere Ville,Mayo Djarandi
Cameroon,Adamaoua,Faro Et Deo,Tignere,Tignere Ville,Pastorale
Cameroon,Adamaoua,Faro Et Deo,Tignere,Tignere Ville,Sabongari
Cameroon,Adamaoua,Faro Et Deo,Tignere,Tignere Ville,Taparé 55
Cameroon,Adamaoua,Faro Et Deo,Tignere,Tignere Ville,Yelwa
Cameroon,Adamaoua,Faro Et Deo,Tignere,Lamidat De Tignere,Adeck
Cameroon,Adamaoua,Faro Et Deo,Tignere,Lamidat De Tignere,Bingti
Cameroon,Adamaoua,Faro Et Deo,Tignere,Lamidat De Tignere,Bourle
Cameroon,Adamaoua,Faro Et Deo,Tignere,Lamidat De Tignere,Carrefour Galim
Cameroon,Adamaoua,Faro Et Deo,Tignere,Lamidat De Tignere,Djactadou (Ngaoutere)
Cameroon,Adamaoua,Faro Et Deo,Tignere,Lamidat De Tignere,Doualayel
Cameroon,Adamaoua,Faro Et Deo,Tignere,Lamidat De Tignere,Garbaya Djire
Cameroon,Adamaoua,Faro Et Deo,Tignere,Lamidat De Tignere,Garbaya Yelwa
Cameroon,Adamaoua,Faro Et Deo,Tignere,Lamidat De Tignere,Gassanguel
Cameroon,Adamaoua,Faro Et Deo,Tignere,Lamidat De Tignere,Kodjoli
Cameroon,Adamaoua,Faro Et Deo,Tignere,Lamidat De Tignere,Labbare Modibbo
Cameroon,Adamaoua,Faro Et Deo,Tignere,Lamidat De Tignere,Libong 1
Cameroon,Adamaoua,Faro Et Deo,Tignere,Lamidat De Tignere,Libong Marche
Cameroon,Adamaoua,Faro Et Deo,Tignere,Lamidat De Tignere,Libong Sabongari
Cameroon,Adamaoua,Faro Et Deo,Tignere,Lamidat De Tignere,Libong Sarki Sanou (Sarki Sanou)
Cameroon,Adamaoua,Faro Et Deo,Tignere,Lamidat De Tignere,Lougguere Sadou
Cameroon,Adamaoua,Faro Et Deo,Tignere,Lamidat De Tignere,Mayo
Cameroon,Adamaoua,Faro Et Deo,Tignere,Lamidat De Tignere,Poutchou(Nassarao)
Cameroon,Adamaoua,Faro Et Deo,Tignere,Lamidat De Tignere,Mayo Tignere I
Cameroon,Adamaoua,Faro Et Deo,Tignere,Lamidat De Tignere,Paro Djaouro Ndjinda
Cameroon,Adamaoua,Faro Et Deo,Tignere,Lamidat De Tignere,Paro Lawel
Cameroon,Adamaoua,Faro Et Deo,Tignere,Lamidat De Tignere,Ranch Faro
Cameroon,Adamaoua,Faro Et Deo,Tignere,Lamidat De Tignere,Sadeck
Cameroon,Adamaoua,Faro Et Deo,Tignere,Lamidat De Tignere,Tikar
Cameroon,Adamaoua,Faro Et Deo,Tignere,Lamidat De Tignere,Walkossam
Cameroon,Adamaoua,Faro Et Deo,Tignere,Lamidat De Tignere,Woulde
Cameroon,Adamaoua,Mayo Banyo,Bankim,Bankim Ville,Donbon
Cameroon,Adamaoua,Mayo Banyo,Bankim,Bankim Ville,Mbih
Cameroon,Adamaoua,Mayo Banyo,Bankim,Bankim Ville,Nguinklo
Cameroon,Adamaoua,Mayo Banyo,Bankim,Bankim Ville,Nou
Cameroon,Adamaoua,Mayo Banyo,Bankim,Bankim Ville,Tchiblock
Cameroon,Adamaoua,Mayo Banyo,Bankim,Bankim Ville,Wumchim
Cameroon,Adamaoua,Mayo Banyo,Bankim,Any,Kimi Petel
Cameroon,Adamaoua,Mayo Banyo,Bankim,Any,King-Kong
Cameroon,Adamaoua,Mayo Banyo,Bankim,Atta,Atta
Cameroon,Adamaoua,Mayo Banyo,Bankim,Atta,Djah
Cameroon,Adamaoua,Mayo Banyo,Bankim,Atta,Djang
Cameroon,Adamaoua,Mayo Banyo,Bankim,Atta,Djouke
Cameroon,Adamaoua,Mayo Banyo,Bankim,Atta,Fale
Cameroon,Adamaoua,Mayo Banyo,Bankim,Atta,Hainare-Atta
Cameroon,Adamaoua,Mayo Banyo,Bankim,Atta,Malang
Cameroon,Adamaoua,Mayo Banyo,Bankim,Atta,Nkoumtchoum
Cameroon,Adamaoua,Mayo Banyo,Bankim,Atta,Sa'a
Cameroon,Adamaoua,Mayo Banyo,Bankim,Atta,Tong
Cameroon,Adamaoua,Mayo Banyo,Bankim,Bandam,Ali Mal 1
Cameroon,Adamaoua,Mayo Banyo,Bankim,Bandam,Bandam
Cameroon,Adamaoua,Mayo Banyo,Bankim,Bankim Rural,Cite Sonel
Cameroon,Adamaoua,Mayo Banyo,Bankim,Bankim Rural,Dieki
Cameroon,Adamaoua,Mayo Banyo,Bankim,Bankim Rural,Figon
Cameroon,Adamaoua,Mayo Banyo,Bankim,Bankim Rural,Glochifeing
Cameroon,Adamaoua,Mayo Banyo,Bankim,Bankim Rural,Konabe
Cameroon,Adamaoua,Mayo Banyo,Bankim,Bankim Rural,Mbougam Karifu
Cameroon,Adamaoua,Mayo Banyo,Bankim,Bankim Rural,Mgbadji
Cameroon,Adamaoua,Mayo Banyo,Bankim,Bankim Rural,Moikoing
Cameroon,Adamaoua,Mayo Banyo,Bankim,Bankim Rural,Moukoue
Cameroon,Adamaoua,Mayo Banyo,Bankim,Bankim Rural,Mvoubam
Cameroon,Adamaoua,Mayo Banyo,Bankim,Bankim Rural,Ngatti
Cameroon,Adamaoua,Mayo Banyo,Bankim,Bankim Rural,Ngoulori
Cameroon,Adamaoua,Mayo Banyo,Bankim,Bankim Rural,Nyakong
Cameroon,Adamaoua,Mayo Banyo,Bankim,Bankim Rural,Nyamboya
Cameroon,Adamaoua,Mayo Banyo,Bankim,Bankim Rural,Tchim
Cameroon,Adamaoua,Mayo Banyo,Bankim,Nyamboya,Kongui-Douoh
Cameroon,Adamaoua,Mayo Banyo,Bankim,Nyamboya,Mbiridjom
Cameroon,Adamaoua,Mayo Banyo,Bankim,Nyamboya,Mbondjanga
Cameroon,Adamaoua,Mayo Banyo,Bankim,Nyamboya,Ndem-Ndem
Cameroon,Adamaoua,Mayo Banyo,Bankim,Nyamboya,Ndoumdjandji
Cameroon,Adamaoua,Mayo Banyo,Bankim,Nyamboya,Ndoumdjom
Cameroon,Adamaoua,Mayo Banyo,Bankim,Nyamboya,Nyakong
Cameroon,Adamaoua,Mayo Banyo,Bankim,Nyamboya,Nyamboya
Cameroon,Adamaoua,Mayo Banyo,Bankim,Nyamboya,Tchamba
Cameroon,Adamaoua,Mayo Banyo,Bankim,Nyamboya,Yimbere
Cameroon,Adamaoua,Mayo Banyo,Bankim,Somie,Kouroum
Cameroon,Adamaoua,Mayo Banyo,Bankim,Somie,Nassarao
Cameroon,Adamaoua,Mayo Banyo,Bankim,Somie,Sarkibaka
Cameroon,Adamaoua,Mayo Banyo,Bankim,Somie,Somie
Cameroon,Adamaoua,Mayo Banyo,Bankim,Songkolong,Lingam
Cameroon,Adamaoua,Mayo Banyo,Bankim,Songkolong,Songkolong
Cameroon,Adamaoua,Mayo Banyo,Banyo,Banyo Ville,Adjia
Cameroon,Adamaoua,Mayo Banyo,Banyo,Banyo Ville,Djaouro-Souley
Cameroon,Adamaoua,Mayo Banyo,Banyo,Banyo Ville,Djouta Fada
Cameroon,Adamaoua,Mayo Banyo,Banyo,Banyo Ville,Fada
Cameroon,Adamaoua,Mayo Banyo,Banyo,Banyo Ville,Galdima
Cameroon,Adamaoua,Mayo Banyo,Banyo,Banyo Ville,Garladji
Cameroon,Adamaoua,Mayo Banyo,Banyo,Banyo Ville,Kilarou
Cameroon,Adamaoua,Mayo Banyo,Banyo,Banyo Ville,Koléré
Cameroon,Adamaoua,Mayo Banyo,Banyo,Banyo Ville,Kori
Cameroon,Adamaoua,Mayo Banyo,Banyo,Banyo Ville,Legal Goro
Cameroon,Adamaoua,Mayo Banyo,Banyo,Banyo Ville,Maloumri
Cameroon,Adamaoua,Mayo Banyo,Banyo,Banyo Ville,Mayo Tétéki
Cameroon,Adamaoua,Mayo Banyo,Banyo,Banyo Ville,Mayo-Wouta
Cameroon,Adamaoua,Mayo Banyo,Banyo,Banyo Ville,Mbeweré
Cameroon,Adamaoua,Mayo Banyo,Banyo,Banyo Ville,Mbeweré 1
Cameroon,Adamaoua,Mayo Banyo,Banyo,Banyo Ville,Mbeweré 2
Cameroon,Adamaoua,Mayo Banyo,Banyo,Banyo Ville,Mbondabi
Cameroon,Adamaoua,Mayo Banyo,Banyo,Banyo Ville,Mbouladji
Cameroon,Adamaoua,Mayo Banyo,Banyo,Banyo Ville,Quartier
Cameroon,Adamaoua,Mayo Banyo,Banyo,Banyo Ville,Administratif
Cameroon,Adamaoua,Mayo Banyo,Banyo,Banyo Ville,Sabongari
Cameroon,Adamaoua,Mayo Banyo,Banyo,Banyo Ville,Sarki Yayi
Cameroon,Adamaoua,Mayo Banyo,Banyo,Banyo Ville,Tacha
Cameroon,Adamaoua,Mayo Banyo,Banyo,Lamidat De Banyo,Allat Toutawal
Cameroon,Adamaoua,Mayo Banyo,Banyo,Lamidat De Banyo,Altine
Cameroon,Adamaoua,Mayo Banyo,Banyo,Lamidat De Banyo,Assawé
Cameroon,Adamaoua,Mayo Banyo,Banyo,Lamidat De Banyo,Bani
Cameroon,Adamaoua,Mayo Banyo,Banyo,Lamidat De Banyo,Bonhari
Cameroon,Adamaoua,Mayo Banyo,Banyo,Lamidat De Banyo,Boudjounkoura
Cameroon,Adamaoua,Mayo Banyo,Banyo,Lamidat De Banyo,Dadawal
Cameroon,Adamaoua,Mayo Banyo,Banyo,Lamidat De Banyo,Djem
Cameroon,Adamaoua,Mayo Banyo,Banyo,Lamidat De Banyo,Goum Foulbé
Cameroon,Adamaoua,Mayo Banyo,Banyo,Lamidat De Banyo,Goum-Katarko
Cameroon,Adamaoua,Mayo Banyo,Banyo,Lamidat De Banyo,Hore Mayo-Kelele
Cameroon,Adamaoua,Mayo Banyo,Banyo,Lamidat De Banyo,Hore Taram-Kilatorbi
Cameroon,Adamaoua,Mayo Banyo,Banyo,Lamidat De Banyo,Hore-Taram-Foulbé
Cameroon,Adamaoua,Mayo Banyo,Banyo,Lamidat De Banyo,Koui-Djamnati
Cameroon,Adamaoua,Mayo Banyo,Banyo,Lamidat De Banyo,Labare Djaoro Seini
Cameroon,Adamaoua,Mayo Banyo,Banyo,Lamidat De Banyo,Lassel
Cameroon,Adamaoua,Mayo Banyo,Banyo,Lamidat De Banyo,Mayo Dourou
Cameroon,Adamaoua,Mayo Banyo,Banyo,Lamidat De Banyo,Mayo Mbana
Cameroon,Adamaoua,Mayo Banyo,Banyo,Lamidat De Banyo,Mayo Nyalan
Cameroon,Adamaoua,Mayo Banyo,Banyo,Lamidat De Banyo,Mayo Voure
Cameroon,Adamaoua,Mayo Banyo,Banyo,Lamidat De Banyo,Mayo Wouroum
Cameroon,Adamaoua,Mayo Banyo,Banyo,Lamidat De Banyo,Mayo-Badji-Foulbé
Cameroon,Adamaoua,Mayo Banyo,Banyo,Lamidat De Banyo,Mayo-Bantahi
Cameroon,Adamaoua,Mayo Banyo,Banyo,Lamidat De Banyo,Mayo-Banyo-Bariki
Cameroon,Adamaoua,Mayo Banyo,Banyo,Lamidat De Banyo,Mayo-Boutaly
Cameroon,Adamaoua,Mayo Banyo,Banyo,Lamidat De Banyo,Mayo-Forou
Cameroon,Adamaoua,Mayo Banyo,Banyo,Lamidat De Banyo,Mayo-Forou Miguem
Cameroon,Adamaoua,Mayo Banyo,Banyo,Lamidat De Banyo,Mayo-Gassanguel
Cameroon,Adamaoua,Mayo Banyo,Banyo,Lamidat De Banyo,Mayo-Kelele
Cameroon,Adamaoua,Mayo Banyo,Banyo,Lamidat De Banyo,Mayo-Lelewal
Cameroon,Adamaoua,Mayo Banyo,Banyo,Lamidat De Banyo,Mayo-Loum
Cameroon,Adamaoua,Mayo Banyo,Banyo,Lamidat De Banyo,Mayo-Poutchou
Cameroon,Adamaoua,Mayo Banyo,Banyo,Lamidat De Banyo,Mbah
Cameroon,Adamaoua,Mayo Banyo,Banyo,Lamidat De Banyo,Mbamti Katarko
Cameroon,Adamaoua,Mayo Banyo,Banyo,Lamidat De Banyo,Mbamti-Djoumbare
Cameroon,Adamaoua,Mayo Banyo,Banyo,Lamidat De Banyo,Mbamti-Laïnde
Cameroon,Adamaoua,Mayo Banyo,Banyo,Lamidat De Banyo,Mbamti-Ndipele
Cameroon,Adamaoua,Mayo Banyo,Banyo,Lamidat De Banyo,Mbanti-Laïnga
Cameroon,Adamaoua,Mayo Banyo,Banyo,Lamidat De Banyo,Mbassewa Wawa
Cameroon,Adamaoua,Mayo Banyo,Banyo,Lamidat De Banyo,Mbenguedje Wawa
Cameroon,Adamaoua,Mayo Banyo,Banyo,Lamidat De Banyo,Mbenguedje-Foulbé
Cameroon,Adamaoua,Mayo Banyo,Banyo,Lamidat De Banyo,Mbitti
Cameroon,Adamaoua,Mayo Banyo,Banyo,Lamidat De Banyo,Ndembesse-Foulbé
Cameroon,Adamaoua,Mayo Banyo,Banyo,Lamidat De Banyo,Ndiwawa
Cameroon,Adamaoua,Mayo Banyo,Banyo,Lamidat De Banyo,Ndognam-Foulbé
Cameroon,Adamaoua,Mayo Banyo,Banyo,Lamidat De Banyo,Ngandoua Wawa
Cameroon,Adamaoua,Mayo Banyo,Banyo,Lamidat De Banyo,Ngnaledji
Cameroon,Adamaoua,Mayo Banyo,Banyo,Lamidat De Banyo,Nyawa
Cameroon,Adamaoua,Mayo Banyo,Banyo,Lamidat De Banyo,Oumyari Foulbé
Cameroon,Adamaoua,Mayo Banyo,Banyo,Lamidat De Banyo,Oumyari-Wawa
Cameroon,Adamaoua,Mayo Banyo,Banyo,Lamidat De Banyo,Pouttouel
Cameroon,Adamaoua,Mayo Banyo,Banyo,Lamidat De Banyo,Sagol So
Cameroon,Adamaoua,Mayo Banyo,Banyo,Lamidat De Banyo,Sambolabo
Cameroon,Adamaoua,Mayo Banyo,Banyo,Lamidat De Banyo,Sambolabo Ladde
Cameroon,Adamaoua,Mayo Banyo,Banyo,Lamidat De Banyo,Sebore-Pah
Cameroon,Adamaoua,Mayo Banyo,Banyo,Lamidat De Banyo,Seoudi
Cameroon,Adamaoua,Mayo Banyo,Banyo,Lamidat De Banyo,Sisim
Cameroon,Adamaoua,Mayo Banyo,Banyo,Lamidat De Banyo,Tapawa Foulbé
Cameroon,Adamaoua,Mayo Banyo,Banyo,Lamidat De Banyo,Tapawa-Wawa
Cameroon,Adamaoua,Mayo Banyo,Banyo,Lamidat De Banyo,Taram Katarko
Cameroon,Adamaoua,Mayo Banyo,Banyo,Lamidat De Banyo,Taram Mbadjam
Cameroon,Adamaoua,Mayo Banyo,Banyo,Lamidat De Banyo,Taram Siri
Cameroon,Adamaoua,Mayo Banyo,Banyo,Lamidat De Banyo,Taram Yabang
Cameroon,Adamaoua,Mayo Banyo,Banyo,Lamidat De Banyo,Taram-Yabangfoulbé
Cameroon,Adamaoua,Mayo Banyo,Banyo,Lamidat De Banyo,Tchabbal Ngnagniri
Cameroon,Adamaoua,Mayo Banyo,Banyo,Lamidat De Banyo,Toukouroua
Cameroon,Adamaoua,Mayo Banyo,Mayo-Darle,Mayo-Darle Ville,Banabéri
Cameroon,Adamaoua,Mayo Banyo,Mayo-Darle,Mayo-Darle Ville,Fada
Cameroon,Adamaoua,Mayo Banyo,Mayo-Darle,Mayo-Darle Ville,Mayo Darle
Cameroon,Adamaoua,Mayo Banyo,Mayo-Darle,Mayo-Darle Ville,Mayo-Darle-Mine
Cameroon,Adamaoua,Mayo Banyo,Mayo-Darle,Mayo-Darle Ville,Tiket
Cameroon,Adamaoua,Mayo Banyo,Mayo-Darle,Lamidat De Banyo,Bambol
Cameroon,Adamaoua,Mayo Banyo,Mayo-Darle,Lamidat De Banyo,Boumbo
Cameroon,Adamaoua,Mayo Banyo,Mayo-Darle,Lamidat De Banyo,Guissimi
Cameroon,Adamaoua,Mayo Banyo,Mayo-Darle,Lamidat De Banyo,Gwaya
Cameroon,Adamaoua,Mayo Banyo,Mayo-Darle,Lamidat De Banyo,Hamoa
Cameroon,Adamaoua,Mayo Banyo,Mayo-Darle,Lamidat De Banyo,Horé Mayo Darle
Cameroon,Adamaoua,Mayo Banyo,Mayo-Darle,Lamidat De Banyo,Kembang Foulbé
Cameroon,Adamaoua,Mayo Banyo,Mayo-Darle,Lamidat De Banyo,Mayo Bounouwa
Cameroon,Adamaoua,Mayo Banyo,Mayo-Darle,Lamidat De Banyo,Mayo Djinga
Cameroon,Adamaoua,Mayo Banyo,Mayo-Darle,Lamidat De Banyo,Mbangueri
Cameroon,Adamaoua,Mayo Banyo,Mayo-Darle,Lamidat De Banyo,Ngnalang
Cameroon,Adamaoua,Mayo Banyo,Mayo-Darle,Lamidat De Banyo,Nyara Guessam
Cameroon,Adamaoua,Mayo Banyo,Mayo-Darle,Lamidat De Banyo,Nyawa I
Cameroon,Adamaoua,Mayo Banyo,Mayo-Darle,Lamidat De Banyo,Pangari
Cameroon,Adamaoua,Mayo Banyo,Mayo-Darle,Lamidat De Banyo,Ribao
Cameroon,Adamaoua,Mayo Banyo,Mayo-Darle,Lamidat De Banyo,Wouro Yobi
Cameroon,Adamaoua,Mayo Banyo,Mayo-Darle,Lamidat De Banyo,Yimbere Chefferie
Cameroon,Adamaoua,Mayo Banyo,Mayo-Darle,Lamidat De Banyo,Yoli
Cameroon,Adamaoua,Mbere,Dir,Dir Ville,Ali-Affaire
Cameroon,Adamaoua,Mbere,Dir,Dir Ville,Borwara
Cameroon,Adamaoua,Mbere,Dir,Dir Ville,Centre
Cameroon,Adamaoua,Mbere,Dir,Dir Ville,Lamido
Cameroon,Adamaoua,Mbere,Dir,Dir Ville,Maloko
Cameroon,Adamaoua,Mbere,Dir,Dir Ville,Mborguene
Cameroon,Adamaoua,Mbere,Dir,Dir Ville,Pangar
Cameroon,Adamaoua,Mbere,Dir,Dir Ville,Safou
Cameroon,Adamaoua,Mbere,Dir,Dir Ville,Tena
Cameroon,Adamaoua,Mbere,Dir,Dir Ville,Yarmbang
Cameroon,Adamaoua,Mbere,Dir,Dir Ville,Yerima Konchta
Cameroon,Adamaoua,Mbere,Dir,Dir Rural,Batoua Panzar
Cameroon,Adamaoua,Mbere,Dir,Dir Rural,Bimgbape
Cameroon,Adamaoua,Mbere,Dir,Dir Rural,Bindiba
Cameroon,Adamaoua,Mbere,Dir,Dir Rural,Dobiri
Cameroon,Adamaoua,Mbere,Dir,Dir Rural,Gazagazade
Cameroon,Adamaoua,Mbere,Dir,Dir Rural,Gbagodo
Cameroon,Adamaoua,Mbere,Dir,Dir Rural,Gbezah
Cameroon,Adamaoua,Mbere,Dir,Dir Rural,Malingara
Cameroon,Adamaoua,Mbere,Dir,Dir Rural,Mbigoro 1
Cameroon,Adamaoua,Mbere,Dir,Dir Rural,Mbigoro II
Cameroon,Adamaoua,Mbere,Dir,Dir Rural,Raozanam (Canton De Gbagodo)
Cameroon,Adamaoua,Mbere,Dir,Dir Rural,Sourma
Cameroon,Adamaoua,Mbere,Dir,Dir Rural,Waa
Cameroon,Adamaoua,Mbere,Dir,Gbagodo,Bayala
Cameroon,Adamaoua,Mbere,Dir,Gbagodo,Boforo
Cameroon,Adamaoua,Mbere,Dir,Gbagodo,Boybaya
Cameroon,Adamaoua,Mbere,Dir,Gbagodo,Djerem
Cameroon,Adamaoua,Mbere,Dir,Gbagodo,Gbagodo
Cameroon,Adamaoua,Mbere,Dir,Gbagodo,Kélasami
Cameroon,Adamaoua,Mbere,Dir,Gbagodo,Lamou
Cameroon,Adamaoua,Mbere,Dir,Gbagodo,Simi 1
Cameroon,Adamaoua,Mbere,Dir,Gbagodo,Simi 2
Cameroon,Adamaoua,Mbere,Dir,Kalaldi,Beka Ziki-Doyeme
Cameroon,Adamaoua,Mbere,Dir,Kalaldi,Dowa
Cameroon,Adamaoua,Mbere,Dir,Kalaldi,Gbadjer
Cameroon,Adamaoua,Mbere,Dir,Kalaldi,Goro
Cameroon,Adamaoua,Mbere,Dir,Kalaldi,Guizore
Cameroon,Adamaoua,Mbere,Dir,Kalaldi,Kalaldi
Cameroon,Adamaoua,Mbere,Dir,Kalaldi,Koundé
Cameroon,Adamaoua,Mbere,Dir,Kalaldi,Mbella
Cameroon,Adamaoua,Mbere,Dir,Kalaldi,Samaki Dole 1
Cameroon,Adamaoua,Mbere,Dir,Kalaldi,Samaki Dole 2
Cameroon,Adamaoua,Mbere,Dir,Djohong Ville,Ardo Yamsa
Cameroon,Adamaoua,Mbere,Dir,Djohong Ville,Djohong 2
Cameroon,Adamaoua,Mbere,Dir,Djohong Ville,Lamordé
Cameroon,Adamaoua,Mbere,Dir,Djohong Ville,Mbotana
Cameroon,Adamaoua,Mbere,Dir,Djohong Ville,Mboudowal
Cameroon,Adamaoua,Mbere,Dir,Djohong Ville,Mission Catholique
Cameroon,Adamaoua,Mbere,Dir,Djohong Rural,Batouré Djibo
Cameroon,Adamaoua,Mbere,Dir,Djohong Rural,Batouré-Zim
Cameroon,Adamaoua,Mbere,Dir,Djohong Rural,Béka Pétél
Cameroon,Adamaoua,Mbere,Dir,Djohong Rural,Borogop
Cameroon,Adamaoua,Mbere,Dir,Djohong Rural,Campement
Cameroon,Adamaoua,Mbere,Dir,Djohong Rural,D'eleveurs
Cameroon,Adamaoua,Mbere,Dir,Djohong Rural,Daré
Cameroon,Adamaoua,Mbere,Dir,Djohong Rural,Djaoro-Moné
Cameroon,Adamaoua,Mbere,Dir,Djohong Rural,Gangdinang
Cameroon,Adamaoua,Mbere,Dir,Djohong Rural,Gbabiri
Cameroon,Adamaoua,Mbere,Dir,Djohong Rural,Gbaboua
Cameroon,Adamaoua,Mbere,Dir,Djohong Rural,Gbatoua-Banam
Cameroon,Adamaoua,Mbere,Dir,Djohong Rural,Laïndé-Mami
Cameroon,Adamaoua,Mbere,Dir,Djohong Rural,Mbella-Ngou
Cameroon,Adamaoua,Mbere,Dir,Djohong Rural,Mbéwé
Cameroon,Adamaoua,Mbere,Dir,Djohong Rural,Nabémo
Cameroon,Adamaoua,Mbere,Dir,Djohong Rural,Ndawé
Cameroon,Adamaoua,Mbere,Dir,Djohong Rural,Yamba-Ngou
Cameroon,Adamaoua,Mbere,Dir,Djohong Rural,Yarmbang
Cameroon,Adamaoua,Mbere,Ngaoui,Ngaoui Ville,Bantadje
Cameroon,Adamaoua,Mbere,Ngaoui,Ngaoui Ville,Château
Cameroon,Adamaoua,Mbere,Ngaoui,Ngaoui Ville,Fadisonka
Cameroon,Adamaoua,Mbere,Ngaoui,Ngaoui Ville,Kari
Cameroon,Adamaoua,Mbere,Ngaoui,Ngaoui Ville,Lamorde
Cameroon,Adamaoua,Mbere,Ngaoui,Ngaoui Ville,Lombe
Cameroon,Adamaoua,Mbere,Ngaoui,Ngaoui Ville,Syndicat
Cameroon,Adamaoua,Mbere,Ngaoui,Ngaoui Ville,Tacha Bouar
Cameroon,Adamaoua,Mbere,Ngaoui,Ngaoui Rural,Alhamdou
Cameroon,Adamaoua,Mbere,Ngaoui,Ngaoui Rural,Bafouck
Cameroon,Adamaoua,Mbere,Ngaoui,Ngaoui Rural,Bawaka
Cameroon,Adamaoua,Mbere,Ngaoui,Ngaoui Rural,Dackzer
Cameroon,Adamaoua,Mbere,Ngaoui,Ngaoui Rural,Diel
Cameroon,Adamaoua,Mbere,Ngaoui,Ngaoui Rural,Djabori
Cameroon,Adamaoua,Mbere,Ngaoui,Ngaoui Rural,Dole
Cameroon,Adamaoua,Mbere,Ngaoui,Ngaoui Rural,Garga Pella
Cameroon,Adamaoua,Mbere,Ngaoui,Ngaoui Rural,Gbago
Cameroon,Adamaoua,Mbere,Ngaoui,Ngaoui Rural,Lamou-Douyaka
Cameroon,Adamaoua,Mbere,Ngaoui,Ngaoui Rural,Mayo-Lebou
Cameroon,Adamaoua,Mbere,Ngaoui,Ngaoui Rural,Ngollo
Cameroon,Adamaoua,Mbere,Ngaoui,Ngaoui Rural,Sobba
Cameroon,Adamaoua,Mbere,Ngaoui,Ngaoui Rural,Tourake
Cameroon,Adamaoua,Mbere,Ngaoui,Ngaoui Rural,Wondandere
Cameroon,Adamaoua,Mbere,Ngaoui,Ngaoui Rural,Wouro Adde
Cameroon,Adamaoua,Mbere,Meiganga,Meiganga Ville,Bamiléké
Cameroon,Adamaoua,Mbere,Meiganga,Meiganga Ville,Begoubou
Cameroon,Adamaoua,Mbere,Meiganga,Meiganga Ville,Daboley
Cameroon,Adamaoua,Mbere,Meiganga,Meiganga Ville,Foulbéré
Cameroon,Adamaoua,Mbere,Meiganga,Meiganga Ville,Foulbéré I
Cameroon,Adamaoua,Mbere,Meiganga,Meiganga Ville,Foulbéré II
Cameroon,Adamaoua,Mbere,Meiganga,Meiganga Ville,Madarassatounour
Cameroon,Adamaoua,Mbere,Meiganga,Meiganga Ville,Meiganga
Cameroon,Adamaoua,Mbere,Meiganga,Meiganga Ville,Mokolo
Cameroon,Adamaoua,Mbere,Meiganga,Meiganga Ville,Ngassiri
Cameroon,Adamaoua,Mbere,Meiganga,Meiganga Ville,Pitoa
Cameroon,Adamaoua,Mbere,Meiganga,Meiganga Ville,Quartier
Cameroon,Adamaoua,Mbere,Meiganga,Meiganga Ville,Administratif
Cameroon,Adamaoua,Mbere,Meiganga,Meiganga Ville,Quartier Haoussa
Cameroon,Adamaoua,Mbere,Meiganga,Meiganga Ville,Sabongari
Cameroon,Adamaoua,Mbere,Meiganga,Meiganga Ville,Shabanon
Cameroon,Adamaoua,Mbere,Meiganga,Meiganga Ville,Yabassi
Cameroon,Adamaoua,Mbere,Meiganga,Meiganga Ville,Yelwa
Cameroon,Adamaoua,Mbere,Meiganga,Meiganga Ville,Yerima Keke
Cameroon,Adamaoua,Mbere,Meiganga,Meiganga Ville,Yizoro
Cameroon,Adamaoua,Mbere,Meiganga,Meiganga Ville,Yoyo
Cameroon,Adamaoua,Mbere,Meiganga,Meiganga Ville,Zandaba I
Cameroon,Adamaoua,Mbere,Meiganga,Meiganga Ville,Zandaba II
Cameroon,Adamaoua,Mbere,Meiganga,Meiganga Ville,Zandaka 2
Cameroon,Adamaoua,Mbere,Meiganga,Lokoti,Baina 2
Cameroon,Adamaoua,Mbere,Meiganga,Lokoti,Baïna Mbou
Cameroon,Adamaoua,Mbere,Meiganga,Lokoti,Batoua-Godolé
Cameroon,Adamaoua,Mbere,Meiganga,Lokoti,Béka Guiwang
Cameroon,Adamaoua,Mbere,Meiganga,Lokoti,Bembarang
Cameroon,Adamaoua,Mbere,Meiganga,Lokoti,Boua
Cameroon,Adamaoua,Mbere,Meiganga,Lokoti,Dana
Cameroon,Adamaoua,Mbere,Meiganga,Lokoti,Dankali
Cameroon,Adamaoua,Mbere,Meiganga,Lokoti,Dir Pétel
Cameroon,Adamaoua,Mbere,Meiganga,Lokoti,Djouzami
Cameroon,Adamaoua,Mbere,Meiganga,Lokoti,Dobezo
Cameroon,Adamaoua,Mbere,Meiganga,Lokoti,Dokolim
Cameroon,Adamaoua,Mbere,Meiganga,Lokoti,Gangkombol
Cameroon,Adamaoua,Mbere,Meiganga,Lokoti,Gazi
Cameroon,Adamaoua,Mbere,Meiganga,Lokoti,Gbata
Cameroon,Adamaoua,Mbere,Meiganga,Lokoti,Gbaten
Cameroon,Adamaoua,Mbere,Meiganga,Lokoti,Ka'aka 2
Cameroon,Adamaoua,Mbere,Meiganga,Lokoti,Ka'aka I
Cameroon,Adamaoua,Mbere,Meiganga,Lokoti,Kamboul
Cameroon,Adamaoua,Mbere,Meiganga,Lokoti,Kombo-Laka
Cameroon,Adamaoua,Mbere,Meiganga,Lokoti,Kpama
Cameroon,Adamaoua,Mbere,Meiganga,Lokoti,Laka Petel
Cameroon,Adamaoua,Mbere,Meiganga,Lokoti,Lawan
Cameroon,Adamaoua,Mbere,Meiganga,Lokoti,Lokoti
Cameroon,Adamaoua,Mbere,Meiganga,Lokoti,Mama Wassandé
Cameroon,Adamaoua,Mbere,Meiganga,Lokoti,Mbalé
Cameroon,Adamaoua,Mbere,Meiganga,Lokoti,Mbarang
Cameroon,Adamaoua,Mbere,Meiganga,Lokoti,Mbéré
Cameroon,Adamaoua,Mbere,Meiganga,Lokoti,Mbondo-Lom
Cameroon,Adamaoua,Mbere,Meiganga,Lokoti,Ndongué
Cameroon,Adamaoua,Mbere,Meiganga,Lokoti,Ndoyong
Cameroon,Adamaoua,Mbere,Meiganga,Lokoti,Ngazi Tina
Cameroon,Adamaoua,Mbere,Meiganga,Lokoti,Ngolori
Cameroon,Adamaoua,Mbere,Meiganga,Lokoti,Sabongari Mborguéné
Cameroon,Adamaoua,Mbere,Meiganga,Lokoti,Salao-Gbaguete
Cameroon,Adamaoua,Mbere,Meiganga,Lokoti,Tapawa Mbalé
Cameroon,Adamaoua,Mbere,Meiganga,Lokoti,Tokda
Cameroon,Adamaoua,Mbere,Meiganga,Lokoti,Wantamo
Cameroon,Adamaoua,Mbere,Meiganga,Lokoti,Yendé
Cameroon,Adamaoua,Mbere,Meiganga,Meiganga Rural,Ardo Bouba Dodo
Cameroon,Adamaoua,Mbere,Meiganga,Meiganga Rural,Babongo
Cameroon,Adamaoua,Mbere,Meiganga,Meiganga Rural,Banam
Cameroon,Adamaoua,Mbere,Meiganga,Meiganga Rural,Bariki
Cameroon,Adamaoua,Mbere,Meiganga,Meiganga Rural,Batoua
Cameroon,Adamaoua,Mbere,Meiganga,Meiganga Rural,Bounou
Cameroon,Adamaoua,Mbere,Meiganga,Meiganga Rural,Campement Bergers
Cameroon,Adamaoua,Mbere,Meiganga,Meiganga Rural,Djalingo
Cameroon,Adamaoua,Mbere,Meiganga,Meiganga Rural,Dozui
Cameroon,Adamaoua,Mbere,Meiganga,Meiganga Rural,Fada
Cameroon,Adamaoua,Mbere,Meiganga,Meiganga Rural,Ganghi
Cameroon,Adamaoua,Mbere,Meiganga,Meiganga Rural,Garga Ninbona
Cameroon,Adamaoua,Mbere,Meiganga,Meiganga Rural,Gbawar
Cameroon,Adamaoua,Mbere,Meiganga,Meiganga Rural,Guigo
Cameroon,Adamaoua,Mbere,Meiganga,Meiganga Rural,Gunbela
Cameroon,Adamaoua,Mbere,Meiganga,Meiganga Rural,Horé-Kouni
Cameroon,Adamaoua,Mbere,Meiganga,Meiganga Rural,Kombo-Laka
Cameroon,Adamaoua,Mbere,Meiganga,Meiganga Rural,Kpama
Cameroon,Adamaoua,Mbere,Meiganga,Meiganga Rural,Lokoti
Cameroon,Adamaoua,Mbere,Meiganga,Meiganga Rural,Mbafouck Hosséré
Cameroon,Adamaoua,Mbere,Meiganga,Meiganga Rural,Mbakoungué
Cameroon,Adamaoua,Mbere,Meiganga,Meiganga Rural,Mboula
Cameroon,Adamaoua,Mbere,Meiganga,Meiganga Rural,Mboulaï
Cameroon,Adamaoua,Mbere,Meiganga,Meiganga Rural,Mboutou
Cameroon,Adamaoua,Mbere,Meiganga,Meiganga Rural,Meidougou
Cameroon,Adamaoua,Vina,Martap,Lamidat De Ngaoundere,Maloa
Cameroon,Adamaoua,Vina,Martap,Lamidat De Ngaoundere,Mandourou
Cameroon,Adamaoua,Vina,Martap,Lamidat De Ngaoundere,Martap
Cameroon,Adamaoua,Vina,Martap,Lamidat De Ngaoundere,Matakoro
Cameroon,Adamaoua,Vina,Martap,Lamidat De Ngaoundere,Mayo-Bana
Cameroon,Adamaoua,Vina,Martap,Lamidat De Ngaoundere,Mbeoue
Cameroon,Adamaoua,Vina,Martap,Lamidat De Ngaoundere,Mbissouna-Horemanang
Cameroon,Adamaoua,Vina,Martap,Lamidat De Ngaoundere,Minim II
Cameroon,Adamaoua,Vina,Martap,Lamidat De Ngaoundere,Ngaounang
Cameroon,Adamaoua,Vina,Martap,Lamidat De Ngaoundere,Paro
Cameroon,Adamaoua,Vina,Martap,Lamidat De Ngaoundere,Soukourwo
Cameroon,Adamaoua,Vina,Martap,Lamidat De Ngaoundere,Tchabbal-Haleo
Cameroon,Adamaoua,Vina,Martap,Lamidat De Ngaoundere,Tekel
Cameroon,Adamaoua,Vina,Martap,Lamidat De Ngaoundere,Toumbouroum
Cameroon,Adamaoua,Vina,Martap,Lamidat De Ngaoundere,Wadjourou(Serobe-
Cameroon,Adamaoua,Vina,Martap,Lamidat De Ngaoundere,Djagol)
Cameroon,Adamaoua,Vina,Martap,Lamidat De Ngaoundere,Wouro Lissey
Cameroon,Adamaoua,Vina,Martap,Lamidat De Ngaoundere,Zaria I
Cameroon,Adamaoua,Vina,Mbe,Mbe Ville,Dogboy
Cameroon,Adamaoua,Vina,Mbe,Mbe Ville,Fada Château
Cameroon,Adamaoua,Vina,Mbe,Mbe Ville,Gove
Cameroon,Adamaoua,Vina,Mbe,Mbe Ville,Mbe
Cameroon,Adamaoua,Vina,Mbe,Mbe Ville,Mission
Cameroon,Adamaoua,Vina,Mbe,Mbe Ville,Nguesseck
Cameroon,Adamaoua,Vina,Mbe,Mbe Ville,Nyan
Cameroon,Adamaoua,Vina,Mbe,Mbe Ville,Sogdou
Cameroon,Adamaoua,Vina,Mbe,Mbe Ville,Taparé
Cameroon,Adamaoua,Vina,Mbe,Mbe Ville,Tooh
Cameroon,Adamaoua,Vina,Mbe,Gada-Mayo,Gorhiek
Cameroon,Adamaoua,Vina,Mbe,Gada-Mayo,Home
Cameroon,Adamaoua,Vina,Mbe,Gada-Mayo,Mona-Lassi
Cameroon,Adamaoua,Vina,Mbe,Gada-Mayo,Nguessek-Kessoum
Cameroon,Adamaoua,Vina,Mbe,Gada-Mayo,Nyadou
Cameroon,Adamaoua,Vina,Mbe,Gada-Mayo,Sassa Garda
Cameroon,Adamaoua,Vina,Mbe,Gada-Mayo,Sassa Mberse
Cameroon,Adamaoua,Vina,Mbe,Gada-Mayo,Sassa Mbersi
Cameroon,Adamaoua,Vina,Mbe,Gada-Mayo,Tagboum
Cameroon,Adamaoua,Vina,Mbe,Gada-Mayo,Vourgne-Mamboum
Cameroon,Adamaoua,Vina,Mbe,Lamidat De Mbé,Dena
Cameroon,Adamaoua,Vina,Mbe,Lamidat De Mbé,Djett
Cameroon,Adamaoua,Vina,Mbe,Lamidat De Mbé,Gop-Gabdo
Cameroon,Adamaoua,Vina,Mbe,Lamidat De Mbé,Harr
Cameroon,Adamaoua,Vina,Mbe,Lamidat De Mbé,Karna Manga
Cameroon,Adamaoua,Vina,Mbe,Lamidat De Mbé,Karna Petel
Cameroon,Adamaoua,Vina,Mbe,Lamidat De Mbé,Mane
Cameroon,Adamaoua,Vina,Mbe,Lamidat De Mbé,Marouaré
Cameroon,Adamaoua,Vina,Mbe,Lamidat De Mbé,Mbip
Cameroon,Adamaoua,Vina,Mbe,Lamidat De Mbé,Ndom Bénoué
Cameroon,Adamaoua,Vina,Mbe,Lamidat De Mbé,Ndong
Cameroon,Adamaoua,Vina,Mbe,Lamidat De Mbé,Ngaouyanga
Cameroon,Adamaoua,Vina,Mbe,Lamidat De Mbé,Nguesseck Tatt
Cameroon,Adamaoua,Vina,Mbe,Lamidat De Mbé,Nguessek-Ngai
Cameroon,Adamaoua,Vina,Mbe,Lamidat De Mbé,Tibang (Nyassey)
Cameroon,Adamaoua,Vina,Mbe,Lamidat De Mbé,Toubaka
Cameroon,Adamaoua,Vina,Mbe,Lamidat De Mbé,Vourgne Ngaouyack
Cameroon,Adamaoua,Vina,Mbe,Lamidat De Mbé,Wack 1
Cameroon,Adamaoua,Vina,Mbe,Lamidat De Mbé,Wack 2
Cameroon,Adamaoua,Vina,Ngan-Ha,Lamidat De Ngaoundere,2E Bloc Nyamar
Cameroon,Adamaoua,Vina,Ngan-Ha,Lamidat De Ngaoundere,Awa
Cameroon,Adamaoua,Vina,Ngan-Ha,Lamidat De Ngaoundere,Bang-Mboum
Cameroon,Adamaoua,Vina,Ngan-Ha,Lamidat De Ngaoundere,Bantahi
Cameroon,Adamaoua,Vina,Ngan-Ha,Lamidat De Ngaoundere,Baoussi
Cameroon,Adamaoua,Vina,Ngan-Ha,Lamidat De Ngaoundere,Bera-Barssaou
Cameroon,Adamaoua,Vina,Ngan-Ha,Lamidat De Ngaoundere,Berem
Cameroon,Adamaoua,Vina,Ngan-Ha,Lamidat De Ngaoundere,Borongo
Cameroon,Adamaoua,Vina,Ngan-Ha,Lamidat De Ngaoundere,Dena
Cameroon,Adamaoua,Vina,Ngan-Ha,Lamidat De Ngaoundere,Digong
Cameroon,Adamaoua,Vina,Ngan-Ha,Lamidat De Ngaoundere,Folifere
Cameroon,Adamaoua,Vina,Ngan-Ha,Lamidat De Ngaoundere,Foundoy-Gaka
Cameroon,Adamaoua,Vina,Ngan-Ha,Lamidat De Ngaoundere,Foundoy-Zom
Cameroon,Adamaoua,Vina,Ngan-Ha,Lamidat De Ngaoundere,Gada Marel
Cameroon,Adamaoua,Vina,Ngan-Ha,Lamidat De Ngaoundere,Gamboukou
Cameroon,Adamaoua,Vina,Ngan-Ha,Lamidat De Ngaoundere,Gangassaou
Cameroon,Adamaoua,Vina,Ngan-Ha,Lamidat De Ngaoundere,Gop
Cameroon,Adamaoua,Vina,Ngan-Ha,Lamidat De Ngaoundere,Holmbali
Cameroon,Adamaoua,Vina,Ngan-Ha,Lamidat De Ngaoundere,Kandi
Cameroon,Adamaoua,Vina,Ngan-Ha,Lamidat De Ngaoundere,Kgangassaou
Cameroon,Adamaoua,Vina,Ngan-Ha,Lamidat De Ngaoundere,Kobi
Cameroon,Adamaoua,Vina,Ngan-Ha,Lamidat De Ngaoundere,Kona Lemoun
Cameroon,Adamaoua,Vina,Ngan-Ha,Lamidat De Ngaoundere,Koubadje
Cameroon,Adamaoua,Vina,Ngan-Ha,Lamidat De Ngaoundere,Lapia-Didango
Cameroon,Adamaoua,Vina,Ngan-Ha,Lamidat De Ngaoundere,Lougguere-Bah Sambo
Cameroon,Adamaoua,Vina,Ngan-Ha,Lamidat De Ngaoundere,Loumo Na-Ngue
Cameroon,Adamaoua,Vina,Ngan-Ha,Lamidat De Ngaoundere,Majer-Malia
Cameroon,Adamaoua,Vina,Ngan-Ha,Lamidat De Ngaoundere,Mamoum
Cameroon,Adamaoua,Vina,Ngan-Ha,Lamidat De Ngaoundere,Mamoumi
Cameroon,Adamaoua,Vina,Ngan-Ha,Lamidat De Ngaoundere,Mandikoum
Cameroon,Adamaoua,Vina,Ngan-Ha,Lamidat De Ngaoundere,Mandjimi
Cameroon,Adamaoua,Vina,Ngan-Ha,Lamidat De Ngaoundere,Mara-Oussoumana
Cameroon,Adamaoua,Vina,Ngan-Ha,Lamidat De Ngaoundere,Massakbat
Cameroon,Adamaoua,Vina,Ngan-Ha,Lamidat De Ngaoundere,Mbalag Modibbo
Cameroon,Adamaoua,Vina,Ngan-Ha,Lamidat De Ngaoundere,Mbang-Bouhari
Cameroon,Adamaoua,Vina,Ngan-Ha,Lamidat De Ngaoundere,Mbarang
Cameroon,Adamaoua,Vina,Ngan-Ha,Lamidat De Ngaoundere,Ndigou
Cameroon,Adamaoua,Vina,Ngan-Ha,Lamidat De Ngaoundere,Hamadjoda(Mbilassora)
Cameroon,Adamaoua,Vina,Ngan-Ha,Lamidat De Ngaoundere,Ndouar-Mayo
Cameroon,Adamaoua,Vina,Ngan-Ha,Lamidat De Ngaoundere,Ngan-Ha
Cameroon,Adamaoua,Vina,Ngan-Ha,Lamidat De Ngaoundere,Ngaoubo
Cameroon,Adamaoua,Vina,Ngan-Ha,Lamidat De Ngaoundere,Ngaoumbam
Cameroon,Adamaoua,Vina,Ngan-Ha,Lamidat De Ngaoundere,Nom
Cameroon,Adamaoua,Vina,Ngan-Ha,Lamidat De Ngaoundere,Nyambarang
Cameroon,Adamaoua,Vina,Ngan-Ha,Lamidat De Ngaoundere,Nyassar
Cameroon,Adamaoua,Vina,Ngan-Ha,Lamidat De Ngaoundere,Nyassey
Cameroon,Adamaoua,Vina,Ngan-Ha,Lamidat De Ngaoundere,Nyoukotondou
Cameroon,Adamaoua,Vina,Ngan-Ha,Lamidat De Ngaoundere,Petit Nyassar
Cameroon,Adamaoua,Vina,Ngan-Ha,Lamidat De Ngaoundere,Pock-Bini
Cameroon,Adamaoua,Vina,Ngan-Ha,Lamidat De Ngaoundere,Sadool-Calmet
Cameroon,Adamaoua,Vina,Ngan-Ha,Lamidat De Ngaoundere,Sadool-Yaya
Cameroon,Adamaoua,Vina,Ngan-Ha,Lamidat De Ngaoundere,Samba-Majer
Cameroon,Adamaoua,Vina,Ngan-Ha,Lamidat De Ngaoundere,Sauta
Cameroon,Adamaoua,Vina,Ngan-Ha,Lamidat De Ngaoundere,Seiwa Laoure-
Cameroon,Adamaoua,Vina,Ngan-Ha,Lamidat De Ngaoundere,Ngaoudamdji
Cameroon,Adamaoua,Vina,Ngan-Ha,Lamidat De Ngaoundere,Sikito
Cameroon,Adamaoua,Vina,Ngan-Ha,Lamidat De Ngaoundere,Toumbere
Cameroon,Adamaoua,Vina,Ngan-Ha,Lamidat De Ngaoundere,Vack
Cameroon,Adamaoua,Vina,Ngan-Ha,Lamidat De Ngaoundere,Wame
Cameroon,Adamaoua,Vina,Ngan-Ha,Lamidat De Ngaoundere,Wame Petit 1
Cameroon,Adamaoua,Vina,Ngan-Ha,Lamidat De Ngaoundere,Wame Petit 2
Cameroon,Adamaoua,Vina,Ngan-Ha,Lamidat De Ngaoundere,Warack I
Cameroon,Adamaoua,Vina,Ngan-Ha,Lamidat De Ngaoundere,Warack Mandikoum
Cameroon,Adamaoua,Vina,Ngan-Ha,Lamidat De Ngaoundere,Yenwa
Cameroon,Adamaoua,Vina,Ngaoundere I,Ngaoundere-Ville,Bali
Cameroon,Adamaoua,Vina,Ngaoundere I,Ngaoundere-Ville,Bali II
Cameroon,Adamaoua,Vina,Ngaoundere I,Ngaoundere-Ville,Bamyanga I
Cameroon,Adamaoua,Vina,Ngaoundere I,Ngaoundere-Ville,Bamyanga Pana
Cameroon,Adamaoua,Vina,Ngaoundere I,Ngaoundere-Ville,Bamyanga-
Cameroon,Adamaoua,Vina,Ngaoundere I,Ngaoundere-Ville,Hamadjangui
Cameroon,Adamaoua,Vina,Ngaoundere I,Ngaoundere-Ville,Boumdjere
Cameroon,Adamaoua,Vina,Ngaoundere I,Ngaoundere-Ville,Burkina
Cameroon,Adamaoua,Vina,Ngaoundere I,Ngaoundere-Ville,Burkina (Camp Studio)
Cameroon,Adamaoua,Vina,Ngaoundere I,Ngaoundere-Ville,Gambara II
Cameroon,Adamaoua,Vina,Ngaoundere I,Ngaoundere-Ville,Haut-Plateau
Cameroon,Adamaoua,Vina,Ngaoundere I,Ngaoundere-Ville,Lycee
Cameroon,Adamaoua,Vina,Ngaoundere I,Ngaoundere-Ville,Mayo-Djarandi
Cameroon,Adamaoua,Vina,Ngaoundere I,Ngaoundere-Ville,Mbibacklahossere
Cameroon,Adamaoua,Vina,Ngaoundere I,Ngaoundere-Ville,Mbideng
Cameroon,Adamaoua,Vina,Ngaoundere I,Ngaoundere-Ville,Ndelbe I
Cameroon,Adamaoua,Vina,Ngaoundere I,Ngaoundere-Ville,Ndelbe II
Cameroon,Adamaoua,Vina,Ngaoundere I,Ngaoundere-Ville,Quartier
Cameroon,Adamaoua,Vina,Ngaoundere I,Ngaoundere-Ville,Administratif
Cameroon,Adamaoua,Vina,Ngaoundere I,Ngaoundere-Ville,Quartier Mission
Cameroon,Adamaoua,Vina,Ngaoundere I,Lamidat De Ngaoundere,Beka-Hossere
Cameroon,Adamaoua,Vina,Ngaoundere I,Lamidat De Ngaoundere,Boumdjere Village
Cameroon,Adamaoua,Vina,Ngaoundere I,Lamidat De Ngaoundere,Kantalang
Cameroon,Adamaoua,Vina,Ngaoundere I,Lamidat De Ngaoundere,Marma
Cameroon,Adamaoua,Vina,Ngaoundere I,Lamidat De Ngaoundere,Marza
Cameroon,Adamaoua,Vina,Ngaoundere I,Lamidat De Ngaoundere,Ngaounday
Cameroon,Adamaoua,Vina,Ngaoundere I,Lamidat De Ngaoundere,Vina Pont
Cameroon,Adamaoua,Vina,Ngaoundere I,Lamidat De Ngaoundere,Wakwa
Cameroon,Adamaoua,Vina,Ngaoundere II,Ngaoundere II-Ville,Baladji I
Cameroon,Adamaoua,Vina,Ngaoundere II,Ngaoundere II-Ville,Baladji II
Cameroon,Adamaoua,Vina,Ngaoundere II,Ngaoundere II-Ville,Cifan
Cameroon,Adamaoua,Vina,Ngaoundere II,Ngaoundere II-Ville,Gare Marchandise
Cameroon,Adamaoua,Vina,Ngaoundere II,Ngaoundere II-Ville,Haoussa
Cameroon,Adamaoua,Vina,Ngaoundere II,Ngaoundere II-Ville,Joli Soir
Cameroon,Adamaoua,Vina,Ngaoundere II,Ngaoundere II-Ville,Kormari
Cameroon,Adamaoua,Vina,Ngaoundere II,Ngaoundere II-Ville,Mabanga I
Cameroon,Adamaoua,Vina,Ngaoundere II,Ngaoundere II-Ville,Mabanga-Djalingo (Mabanga 2)
Cameroon,Adamaoua,Vina,Ngaoundere II,Ngaoundere II-Ville,Madagascar
Cameroon,Adamaoua,Vina,Ngaoundere II,Ngaoundere II-Ville,Maloumri-Damari
Cameroon,Adamaoua,Vina,Ngaoundere II,Ngaoundere II-Ville,Mbibar
Cameroon,Adamaoua,Vina,Ngaoundere II,Ngaoundere II-Ville,Nord-Cifan
Cameroon,Adamaoua,Vina,Ngaoundere II,Ngaoundere II-Ville,Sabongari I
Cameroon,Adamaoua,Vina,Ngaoundere II,Ngaoundere II-Ville,Sabongari II
Cameroon,Adamaoua,Vina,Ngaoundere II,Ngaoundere II-Ville,Sabongari III
Cameroon,Adamaoua,Vina,Ngaoundere II,Ngaoundere II-Ville,Tongo Falingo
Cameroon,Adamaoua,Vina,Ngaoundere II,Ngaoundere II-Ville,Tongo Falingo IV
Cameroon,Adamaoua,Vina,Ngaoundere II,Ngaoundere II-Ville,Tongo Galdima
Cameroon,Adamaoua,Vina,Ngaoundere II,Ngaoundere II-Ville,Tongo I
Cameroon,Adamaoua,Vina,Ngaoundere II,Ngaoundere II-Ville,Tongo Pastoral
Cameroon,Adamaoua,Vina,Ngaoundere II,Ngaoundere II-Ville,Tongo Seret
Cameroon,Adamaoua,Vina,Ngaoundere II,Ngaoundere II-Ville,Troua Malla
Cameroon,Adamaoua,Vina,Ngaoundere II,Ngaoundere II-Ville,Yarmbang
Cameroon,Adamaoua,Vina,Ngaoundere II,Lamidat De Ngaoundere,Bondjong
Cameroon,Adamaoua,Vina,Ngaoundere II,Lamidat De Ngaoundere,Dara Salam
Cameroon,Adamaoua,Vina,Ngaoundere II,Lamidat De Ngaoundere,Darang
Cameroon,Adamaoua,Vina,Ngaoundere II,Lamidat De Ngaoundere,Margueleng
Cameroon,Adamaoua,Vina,Ngaoundere II,Lamidat De Ngaoundere,Massola
Cameroon,Adamaoua,Vina,Ngaoundere II,Lamidat De Ngaoundere,Mayo Daneyel
Cameroon,Adamaoua,Vina,Ngaoundere II,Lamidat De Ngaoundere,Mbalang-Djalingo
Cameroon,Adamaoua,Vina,Ngaoundere II,Lamidat De Ngaoundere,Mbaoure
Cameroon,Adamaoua,Vina,Ngaoundere II,Lamidat De Ngaoundere,Ndougueleng
Cameroon,Adamaoua,Vina,Ngaoundere II,Lamidat De Ngaoundere,Ngaouhora
Cameroon,Adamaoua,Vina,Ngaoundere II,Lamidat De Ngaoundere,Ngaoussay
Cameroon,Adamaoua,Vina,Ngaoundere II,Lamidat De Ngaoundere,Ngaou-Tbala
Cameroon,Adamaoua,Vina,Ngaoundere II,Lamidat De Ngaoundere,Nord Cifan
Cameroon,Adamaoua,Vina,Ngaoundere II,Lamidat De Ngaoundere,Sabongani
Cameroon,Adamaoua,Vina,Ngaoundere II,Lamidat De Ngaoundere,Selbe-Darang
Cameroon,Adamaoua,Vina,Ngaoundere II,Lamidat De Ngaoundere,Velembaï
Cameroon,Adamaoua,Vina,Ngaoundere II,Lamidat De Ngaoundere,Vogdjom(Biskewal)
Cameroon,Adamaoua,Vina,Ngaoundere II,Lamidat De Ngaoundere,Youkou
Cameroon,Adamaoua,Vina,Ngaoundere III,Lamidat De Ngaoundere,Bambi
Cameroon,Adamaoua,Vina,Ngaoundere III,Lamidat De Ngaoundere,Bini
Cameroon,Adamaoua,Vina,Ngaoundere III,Lamidat De Ngaoundere,Dang
Cameroon,Adamaoua,Vina,Ngaoundere III,Lamidat De Ngaoundere,Dang Ousmanou
Cameroon,Adamaoua,Vina,Ngaoundere III,Lamidat De Ngaoundere,Hore-Bini
Cameroon,Adamaoua,Vina,Ngaoundere III,Lamidat De Ngaoundere,Madjele
Cameroon,Adamaoua,Vina,Ngaoundere III,Lamidat De Ngaoundere,Malang
Cameroon,Adamaoua,Vina,Ngaoundere III,Lamidat De Ngaoundere,Malo-Goni
Cameroon,Adamaoua,Vina,Ngaoundere III,Lamidat De Ngaoundere,Malo-Mbifal
Cameroon,Adamaoua,Vina,Ngaoundere III,Lamidat De Ngaoundere,Manwoui
Cameroon,Adamaoua,Vina,Ngaoundere III,Lamidat De Ngaoundere,Margol
Cameroon,Adamaoua,Vina,Ngaoundere III,Lamidat De Ngaoundere,Naboune
Cameroon,Adamaoua,Vina,Ngaoundere III,Lamidat De Ngaoundere,Ngaoumoukone
Cameroon,Adamaoua,Vina,Ngaoundere III,Lamidat De Ngaoundere,Ngodi-Mafal-Ngaou
Cameroon,Adamaoua,Vina,Ngaoundere III,Lamidat De Ngaoundere,Ngodi-Maïborno
Cameroon,Adamaoua,Vina,Ngaoundere III,Lamidat De Ngaoundere,Saltaka
Cameroon,Adamaoua,Vina,Ngaoundere III,Lamidat De Ngaoundere,Tchabal-Djalingo
Cameroon,Adamaoua,Vina,Ngaoundere III,Lamidat De Ngaoundere,Tchabbal-Baouro
Cameroon,Adamaoua,Vina,Ngaoundere III,Lamidat De Ngaoundere,Tchabbal-Mounguel
Cameroon,Adamaoua,Vina,Ngaoundere III,Lamidat De Ngaoundere,Tellere
Cameroon,Adamaoua,Vina,Ngaoundere III,Lamidat De Ngaoundere,Tenguereng
Cameroon,Adamaoua,Vina,Nyambaka,Lamidat De Ngaoundere,Badjer-Bouldouka
Cameroon,Adamaoua,Vina,Nyambaka,Lamidat De Ngaoundere,Balel Ngaoussoy
Cameroon,Adamaoua,Vina,Nyambaka,Lamidat De Ngaoundere,Balewa I
Cameroon,Adamaoua,Vina,Nyambaka,Lamidat De Ngaoundere,Balewa II
Cameroon,Adamaoua,Vina,Nyambaka,Lamidat De Ngaoundere,Bandal
Cameroon,Adamaoua,Vina,Nyambaka,Lamidat De Ngaoundere,Belel Dibi
Cameroon,Adamaoua,Vina,Nyambaka,Lamidat De Ngaoundere,Dibi
Cameroon,Adamaoua,Vina,Nyambaka,Lamidat De Ngaoundere,Djamtari
Cameroon,Adamaoua,Vina,Nyambaka,Lamidat De Ngaoundere,Fouloukou
Cameroon,Adamaoua,Vina,Nyambaka,Lamidat De Ngaoundere,Gado-Djerem
Cameroon,Adamaoua,Vina,Nyambaka,Lamidat De Ngaoundere,Galdi
Cameroon,Adamaoua,Vina,Nyambaka,Lamidat De Ngaoundere,Kadjoka
Cameroon,Adamaoua,Vina,Nyambaka,Lamidat De Ngaoundere,Katil Mboum
Cameroon,Adamaoua,Vina,Nyambaka,Lamidat De Ngaoundere,Kognoli
Cameroon,Adamaoua,Vina,Nyambaka,Lamidat De Ngaoundere,Laoupanga
Cameroon,Adamaoua,Vina,Nyambaka,Lamidat De Ngaoundere,Lawana
Cameroon,Adamaoua,Vina,Nyambaka,Lamidat De Ngaoundere,Maloko Wouroissaboula
Cameroon,Adamaoua,Vina,Nyambaka,Lamidat De Ngaoundere,Malombo
Cameroon,Adamaoua,Vina,Nyambaka,Lamidat De Ngaoundere,Mandourou Kolsel
Cameroon,Adamaoua,Vina,Nyambaka,Lamidat De Ngaoundere,Mangoli
Cameroon,Adamaoua,Vina,Nyambaka,Lamidat De Ngaoundere,Mangom
Cameroon,Adamaoua,Vina,Nyambaka,Lamidat De Ngaoundere,Marwol
Cameroon,Adamaoua,Vina,Nyambaka,Lamidat De Ngaoundere,Mbere-Magoïnang
Cameroon,Adamaoua,Vina,Nyambaka,Lamidat De Ngaoundere,Mbereng
Cameroon,Adamaoua,Vina,Nyambaka,Lamidat De Ngaoundere,Mbong Iya
Cameroon,Adamaoua,Vina,Nyambaka,Lamidat De Ngaoundere,Ndassakoul
Cameroon,Adamaoua,Vina,Nyambaka,Lamidat De Ngaoundere,Ndibi-Mboum
Cameroon,Adamaoua,Vina,Nyambaka,Lamidat De Ngaoundere,Ndjouroum
Cameroon,Adamaoua,Vina,Nyambaka,Lamidat De Ngaoundere,Neminaka
Cameroon,Adamaoua,Vina,Nyambaka,Lamidat De Ngaoundere,Ngaoubol-Kognoli
Cameroon,Adamaoua,Vina,Nyambaka,Lamidat De Ngaoundere,Nyambaka
Cameroon,Adamaoua,Vina,Nyambaka,Lamidat De Ngaoundere,Nyambaka-Hossere
Cameroon,Adamaoua,Vina,Nyambaka,Lamidat De Ngaoundere,Soua-Ngor
Cameroon,Adamaoua,Vina,Nyambaka,Lamidat De Ngaoundere,Souckounga I
Cameroon,Adamaoua,Vina,Nyambaka,Lamidat De Ngaoundere,Wassande
Cameroon,Adamaoua,Vina,Nyambaka,Lamidat De Ngaoundere,Wouro Sangue
Cameroon,Centre,Haute Sanaga,Bibey,Bibey Ville,Bibey Ville
Cameroon,Centre,Haute Sanaga,Bibey,Bibey Rural,Bibéa
Cameroon,Centre,Haute Sanaga,Bibey,Bibey Rural,Bibey Village
Cameroon,Centre,Haute Sanaga,Bibey,Bibey Rural,Mbélé
Cameroon,Centre,Haute Sanaga,Bibey,Bibey Rural,Mimbanga
Cameroon,Centre,Haute Sanaga,Bibey,Bibey Rural,Mpandang
Cameroon,Centre,Haute Sanaga,Bibey,Bibey Rural,Nguinouma
Cameroon,Centre,Haute Sanaga,Bibey,Metep,Landi
Cameroon,Centre,Haute Sanaga,Bibey,Metep,Mekon III
Cameroon,Centre,Haute Sanaga,Bibey,Metep,Metep
Cameroon,Centre,Haute Sanaga,Bibey,Metep,Ndoumba
Cameroon,Centre,Haute Sanaga,Bibey,Metep,Tobe
Cameroon,Centre,Haute Sanaga,Lembe Yezoum,Lembe Yezoum Ville,Lembe I
Cameroon,Centre,Haute Sanaga,Lembe Yezoum,Lembe Yezoum Ville,Lembe II
Cameroon,Centre,Haute Sanaga,Lembe Yezoum,Lembe Yezoum Ville,Lembe III
Cameroon,Centre,Haute Sanaga,Lembe Yezoum,Lembe Yezoum Rural,Biwong
Cameroon,Centre,Haute Sanaga,Lembe Yezoum,Lembe Yezoum Rural,Ekang
Cameroon,Centre,Haute Sanaga,Lembe Yezoum,Lembe Yezoum Rural,Endang
Cameroon,Centre,Haute Sanaga,Lembe Yezoum,Lembe Yezoum Rural,Endoum
Cameroon,Centre,Haute Sanaga,Lembe Yezoum,Lembe Yezoum Rural,Lembe II
Cameroon,Centre,Haute Sanaga,Lembe Yezoum,Lembe Yezoum Rural,Lembe III
Cameroon,Centre,Haute Sanaga,Lembe Yezoum,Lembe Yezoum Rural,Mebang
Cameroon,Centre,Haute Sanaga,Lembe Yezoum,Lembe Yezoum Rural,Melo
Cameroon,Centre,Haute Sanaga,Lembe Yezoum,Lembe Yezoum Rural,Mevong
Cameroon,Centre,Haute Sanaga,Lembe Yezoum,Lembe Yezoum Rural,Nguinda I
Cameroon,Centre,Haute Sanaga,Lembe Yezoum,Lembe Yezoum Rural,Nguinda II
Cameroon,Centre,Haute Sanaga,Lembe Yezoum,Lembe Yezoum Rural,Nkobiba
Cameroon,Centre,Haute Sanaga,Lembe Yezoum,Lembe Yezoum Rural,Nlong
Cameroon,Centre,Haute Sanaga,Lembe Yezoum,Simbane,Akomo
Cameroon,Centre,Haute Sanaga,Lembe Yezoum,Simbane,Bana
Cameroon,Centre,Haute Sanaga,Lembe Yezoum,Simbane,Ebolboumou
Cameroon,Centre,Haute Sanaga,Lembe Yezoum,Simbane,Mengueme
Cameroon,Centre,Haute Sanaga,Lembe Yezoum,Simbane,Messessa
Cameroon,Centre,Haute Sanaga,Lembe Yezoum,Simbane,Meza'a
Cameroon,Centre,Haute Sanaga,Lembe Yezoum,Simbane,Mvebekone
Cameroon,Centre,Haute Sanaga,Lembe Yezoum,Simbane,Simbane
Cameroon,Centre,Haute Sanaga,Lembe Yezoum,Zoa,Atolo
Cameroon,Centre,Haute Sanaga,Lembe Yezoum,Zoa,Engong
Cameroon,Centre,Haute Sanaga,Lembe Yezoum,Zoa,Kokoa
Cameroon,Centre,Haute Sanaga,Lembe Yezoum,Zoa,Melen
Cameroon,Centre,Haute Sanaga,Lembe Yezoum,Zoa,Meyette
Cameroon,Centre,Haute Sanaga,Lembe Yezoum,Zoa,Nsamba
Cameroon,Centre,Haute Sanaga,Lembe Yezoum,Zoa,Zoa I
Cameroon,Centre,Haute Sanaga,Lembe Yezoum,Zoa,Zoa II
Cameroon,Centre,Haute Sanaga,Mbandjock,Mbandjock Ville,Mbandjock Ville
Cameroon,Centre,Haute Sanaga,Mbandjock,Ndjore,Ndjore
Cameroon,Centre,Haute Sanaga,Mbandjock,Ndjore,Ndokoa
Cameroon,Centre,Haute Sanaga,Mbandjock,Ndjore,Nio- Baboute
Cameroon,Centre,Haute Sanaga,Mbandjock,Ndjore,Minkouma
Cameroon,Centre,Haute Sanaga,Mbandjock,Mekomba,Mekomba
Cameroon,Centre,Haute Sanaga,Mbandjock,Ndo,Biboto
Cameroon,Centre,Haute Sanaga,Mbandjock,Ndo,Ndo
Cameroon,Centre,Haute Sanaga,Minta,Minta Ville,Akom
Cameroon,Centre,Haute Sanaga,Minta,Minta Ville,Akoum
Cameroon,Centre,Haute Sanaga,Minta,Minta Ville,Minta Urbain
Cameroon,Centre,Haute Sanaga,Minta,Elot,Elot
Cameroon,Centre,Haute Sanaga,Minta,Mbargue,Bikol
Cameroon,Centre,Haute Sanaga,Minta,Mbargue,Mbargue
Cameroon,Centre,Haute Sanaga,Minta,Mbargue,Mbinang
Cameroon,Centre,Haute Sanaga,Minta,Mbargue,Mekon 2
Cameroon,Centre,Haute Sanaga,Minta,Mbargue,Ngamba
Cameroon,Centre,Haute Sanaga,Minta,Mbargue,Ngok-Etélé
Cameroon,Centre,Haute Sanaga,Minta,Minta Rural,Efoulan
Cameroon,Centre,Haute Sanaga,Minta,Minta Rural,Etol
Cameroon,Centre,Haute Sanaga,Minta,Minta Rural,Loum
Cameroon,Centre,Haute Sanaga,Minta,Minta Rural,Mebang
Cameroon,Centre,Haute Sanaga,Minta,Minta Rural,Mewon
Cameroon,Centre,Haute Sanaga,Minta,Minta Rural,Minta
Cameroon,Centre,Haute Sanaga,Minta,Minta Rural,Ndjoumbi
Cameroon,Centre,Haute Sanaga,Minta,Minta Rural,Ngo'o
Cameroon,Centre,Haute Sanaga,Minta,Minta Rural,Sandja
Cameroon,Centre,Haute Sanaga,Minta,Minta Rural,Vela
Cameroon,Centre,Haute Sanaga,Minta,Nguen,Kagban
Cameroon,Centre,Haute Sanaga,Minta,Nguen,Mbet
Cameroon,Centre,Haute Sanaga,Minta,Nguen,Meba
Cameroon,Centre,Haute Sanaga,Minta,Nguen,Mgbaka
Cameroon,Centre,Haute Sanaga,Minta,Nguen,Nguen
Cameroon,Centre,Haute Sanaga,Minta,Nguen,Nio
Cameroon,Centre,Haute Sanaga,Minta,Wall,Afanoveng
Cameroon,Centre,Haute Sanaga,Minta,Wall,Enong Bibak
Cameroon,Centre,Haute Sanaga,Minta,Wall,Medalmbom
Cameroon,Centre,Haute Sanaga,Minta,Wall,Mengue 2
Cameroon,Centre,Haute Sanaga,Minta,Wall,Meyak
Cameroon,Centre,Haute Sanaga,Minta,Wall,Ngombé
Cameroon,Centre,Haute Sanaga,Minta,Wall,Nlang
Cameroon,Centre,Haute Sanaga,Minta,Wall,Tikare
Cameroon,Centre,Haute Sanaga,Minta,Wall,Wall
Cameroon,Centre,Haute Sanaga,Minta,Nanga-Eboko Ville,Akak
Cameroon,Centre,Haute Sanaga,Minta,Nanga-Eboko Ville,Eseka-Garé
Cameroon,Centre,Haute Sanaga,Minta,Nanga-Eboko Ville,Essimeyong
Cameroon,Centre,Haute Sanaga,Minta,Nanga-Eboko Ville,Longo
Cameroon,Centre,Haute Sanaga,Minta,Nanga-Eboko Ville,Medongo
Cameroon,Centre,Haute Sanaga,Minta,Nanga-Eboko Ville,Mokolo Babouté
Cameroon,Centre,Haute Sanaga,Minta,Nanga-Eboko Ville,Mokolo-Bamvelé
Cameroon,Centre,Haute Sanaga,Minta,Nanga-Eboko Ville,Nguinda
Cameroon,Centre,Haute Sanaga,Minta,Nanga-Eboko Ville,Nkolndong
Cameroon,Centre,Haute Sanaga,Minta,Nanga-Eboko Ville,Nkot-Nam
Cameroon,Centre,Haute Sanaga,Minta,Nanga-Eboko Ville,Nseng-Eto
Cameroon,Centre,Haute Sanaga,Minta,Nanga-Eboko Ville,Quartier Administratif
Cameroon,Centre,Haute Sanaga,Minta,Biboa,Biboa
Cameroon,Centre,Haute Sanaga,Minta,Biboa,Ekanga 1
Cameroon,Centre,Haute Sanaga,Minta,Biboa,Menga'a
Cameroon,Centre,Haute Sanaga,Minta,Biboa,Messa'a
Cameroon,Centre,Haute Sanaga,Minta,Biboa,Mimbang
Cameroon,Centre,Haute Sanaga,Minta,Biboa,Mvomzock
Cameroon,Centre,Haute Sanaga,Minta,Biboa,Ngoakomba
Cameroon,Centre,Haute Sanaga,Minta,Biboa,Nya Yessé
Cameroon,Centre,Haute Sanaga,Minta,Bissaga,Bifoulé
Cameroon,Centre,Haute Sanaga,Minta,Bissaga,Bissaga
Cameroon,Centre,Haute Sanaga,Minta,Bissaga,Ekok
Cameroon,Centre,Haute Sanaga,Minta,Bissaga,Mebolé
Cameroon,Centre,Haute Sanaga,Minta,Bissaga,Mengondé
Cameroon,Centre,Haute Sanaga,Minta,Bissaga,Mpomtené
Cameroon,Centre,Haute Sanaga,Minta,Bissaga,Ndjimekong
Cameroon,Centre,Haute Sanaga,Minta,Déa,Bibassa
Cameroon,Centre,Haute Sanaga,Minta,Déa,Bikaga
Cameroon,Centre,Haute Sanaga,Minta,Déa,Bogba
Cameroon,Centre,Haute Sanaga,Minta,Déa,Déa
Cameroon,Centre,Haute Sanaga,Minta,Déa,Efoulane II
Cameroon,Centre,Haute Sanaga,Minta,Déa,Mbiam
Cameroon,Centre,Haute Sanaga,Minta,Déa,Mezassa
Cameroon,Centre,Haute Sanaga,Minta,Déa,Mimbelé
Cameroon,Centre,Haute Sanaga,Minta,Déa,Ndemba
Cameroon,Centre,Haute Sanaga,Minta,Déa,Ngoulmekong
Cameroon,Centre,Haute Sanaga,Minta,Déa,Nkolmveng
Cameroon,Centre,Haute Sanaga,Minta,Emtsé,Emtsé
Cameroon,Centre,Haute Sanaga,Minta,Emtsé,Mangaé
Cameroon,Centre,Haute Sanaga,Minta,Emtsé,Nangmana
Cameroon,Centre,Haute Sanaga,Minta,Emtsé,Sandja
Cameroon,Centre,Haute Sanaga,Minta,Ka'a,Boundjou
Cameroon,Centre,Haute Sanaga,Minta,Ka'a,Ka'a
Cameroon,Centre,Haute Sanaga,Minta,Ka'a,Memia
Cameroon,Centre,Haute Sanaga,Minta,Meyosso,Messibigui
Cameroon,Centre,Haute Sanaga,Minta,Meyosso,Meyosso
Cameroon,Centre,Haute Sanaga,Minta,Meyosso,Okassang II
Cameroon,Centre,Haute Sanaga,Minta,Ndjassi,Ndjassi
Cameroon,Centre,Haute Sanaga,Minta,Ndjassi,Sassé
Cameroon,Centre,Haute Sanaga,Minta,Ndjombé,Bitam
Cameroon,Centre,Haute Sanaga,Minta,Ndjombé,Dingbekoua
Cameroon,Centre,Haute Sanaga,Minta,Ndjombé,Mbenda
Cameroon,Centre,Haute Sanaga,Minta,Ndjombé,Mengoa
Cameroon,Centre,Haute Sanaga,Minta,Ndjombé,Meyang
Cameroon,Centre,Haute Sanaga,Minta,Ndjombé,Mgboum
Cameroon,Centre,Haute Sanaga,Minta,Ndjombé,Ndjombé
Cameroon,Centre,Haute Sanaga,Minta,Nguinda,Biwong
Cameroon,Centre,Haute Sanaga,Minta,Nguinda,Ekanga II
Cameroon,Centre,Haute Sanaga,Minta,Nguinda,Essamesso
Cameroon,Centre,Haute Sanaga,Minta,Nguinda,Etog-Nang
Cameroon,Centre,Haute Sanaga,Minta,Nguinda,Lembé Badja
Cameroon,Centre,Haute Sanaga,Minta,Nguinda,Mekomo
Cameroon,Centre,Haute Sanaga,Minta,Nguinda,Mfomalène
Cameroon,Centre,Haute Sanaga,Minta,Nguinda,Ngamba
Cameroon,Centre,Haute Sanaga,Minta,Nguinda,Nkoambang
Cameroon,Centre,Haute Sanaga,Minta,Nguinda,Okolat
Cameroon,Centre,Haute Sanaga,Minta,Nguinda,Sanga
Cameroon,Centre,Haute Sanaga,Minta,Okassang,Eboulé
Cameroon,Centre,Haute Sanaga,Minta,Okassang,Mekak
Cameroon,Centre,Haute Sanaga,Minta,Okassang,Okassang I
Cameroon,Centre,Haute Sanaga,Minta,Ouassa-Bamvelé,Ngoulmekong
Cameroon,Centre,Haute Sanaga,Minta,Ouassa-Bamvelé,Abam
Cameroon,Centre,Haute Sanaga,Minta,Ouassa-Bamvelé,Bikang
Cameroon,Centre,Haute Sanaga,Minta,Ouassa-Bamvelé,Ekondong
Cameroon,Centre,Haute Sanaga,Minta,Ouassa-Bamvelé,Kom
Cameroon,Centre,Haute Sanaga,Minta,Ouassa-Bamvelé,Mengué
Cameroon,Centre,Haute Sanaga,Minta,Ouassa-Bamvelé,Messegué
Cameroon,Centre,Haute Sanaga,Minta,Ouassa-Bamvelé,Mevounga
Cameroon,Centre,Haute Sanaga,Minta,Ouassa-Bamvelé,Mewomé
Cameroon,Centre,Haute Sanaga,Minta,Ouassa-Bamvelé,Ngamba
Cameroon,Centre,Haute Sanaga,Minta,Ouassa-Bamvelé,Ngamba-Ndel
Cameroon,Centre,Haute Sanaga,Minta,Ouassa-Bamvelé,Nkondom
Cameroon,Centre,Haute Sanaga,Minta,Ouassa-Bamvelé,Ouassa-Bamvelé
Cameroon,Centre,Haute Sanaga,Minta,Zengoaga,Berkong
Cameroon,Centre,Haute Sanaga,Minta,Zengoaga,Mbomendjock
Cameroon,Centre,Haute Sanaga,Minta,Zengoaga,Mendoumbé
Cameroon,Centre,Haute Sanaga,Minta,Zengoaga,Mpandang
Cameroon,Centre,Haute Sanaga,Minta,Zengoaga,Ndandouck
Cameroon,Centre,Haute Sanaga,Minta,Zengoaga,Nding
Cameroon,Centre,Haute Sanaga,Minta,Zengoaga,Zengoaga
Cameroon,Centre,Haute Sanaga,Minta,Nkoteng Ville,Nkoteng
Cameroon,Centre,Haute Sanaga,Minta,Nkoteng Ville,Nkoteng Village
Cameroon,Centre,Haute Sanaga,Minta,Nkoteng Ville,Nkoteng Ville
Cameroon,Centre,Haute Sanaga,Minta,Nkoteng Rural,Ebometende
Cameroon,Centre,Haute Sanaga,Minta,Nkoteng Rural,Meyosso
Cameroon,Centre,Haute Sanaga,Minta,Nkoteng Rural,Mvan
Cameroon,Centre,Haute Sanaga,Minta,Nkoteng Rural,Nkoteng Village
Cameroon,Centre,Haute Sanaga,Minta,Nkoteng Rural,Zilli
Cameroon,Centre,Haute Sanaga,Minta,Ouassa- Baboute,Avangane
Cameroon,Centre,Haute Sanaga,Minta,Ouassa- Baboute,Bakassi/Mendibi
Cameroon,Centre,Haute Sanaga,Minta,Ouassa- Baboute,Megangne
Cameroon,Centre,Haute Sanaga,Minta,Ouassa- Baboute,Messeng
Cameroon,Centre,Haute Sanaga,Minta,Ouassa- Baboute,Ndoumba
Cameroon,Centre,Haute Sanaga,Minta,Ouassa- Baboute,Nyombo
Cameroon,Centre,Haute Sanaga,Minta,Ouassa- Baboute,Ouassa- Baboute
Cameroon,Centre,Haute Sanaga,Nsem,Nsem Ville,Nsem I
Cameroon,Centre,Haute Sanaga,Nsem,Nsem Ville,Nsem II
Cameroon,Centre,Haute Sanaga,Nsem,Mekone I,Mekone I
Cameroon,Centre,Haute Sanaga,Nsem,Nsem Rural,Ambane
Cameroon,Centre,Haute Sanaga,Nsem,Nsem Rural,Asseck
Cameroon,Centre,Haute Sanaga,Nsem,Nsem Rural,Epeda I
Cameroon,Centre,Haute Sanaga,Nsem,Nsem Rural,Epeda II
Cameroon,Centre,Haute Sanaga,Nsem,Nsem Rural,Essong
Cameroon,Centre,Haute Sanaga,Nsem,Nsem Rural,Mandjouck
Cameroon,Centre,Haute Sanaga,Nsem,Nsem Rural,Mbong
Cameroon,Centre,Haute Sanaga,Nsem,Nsem Rural,Meyene
Cameroon,Centre,Haute Sanaga,Nsem,Nsem Rural,Nsem I
Cameroon,Centre,Haute Sanaga,Nsem,Nsem Rural,Nyeng
Cameroon,Centre,Haute Sanaga,Nsem,Nsem Rural,So'o Ndene
Cameroon,Centre,Lekie,Batschenga,Batschenga Ville,Ballong 1
Cameroon,Centre,Lekie,Batschenga,Batschenga Ville,Ballong 2
Cameroon,Centre,Lekie,Batschenga,Batschenga Ville,Emana-Batschenga
Cameroon,Centre,Lekie,Batschenga,Groupement Batschenga,Biyaga
Cameroon,Centre,Lekie,Batschenga,Groupement Batschenga,Mebassa
Cameroon,Centre,Lekie,Batschenga,Groupement Batschenga,Nalassi
Cameroon,Centre,Lekie,Batschenga,Groupement Batschenga,Natchigal
Cameroon,Centre,Lekie,Batschenga,Groupement Batschenga,Ndji
Cameroon,Centre,Lekie,Batschenga,Groupement Batschenga,Olembe
Cameroon,Centre,Lekie,Batschenga,Groupement Batschenga,Otibili
Cameroon,Centre,Lekie,Batschenga,Groupement Benyada-Sud,Ebang-Minala
Cameroon,Centre,Lekie,Batschenga,Groupement Benyada-Sud,Elon
Cameroon,Centre,Lekie,Batschenga,Groupement Benyada-Sud,Emana-Benyada
Cameroon,Centre,Lekie,Batschenga,Groupement Benyada-Sud,Famenassi
Cameroon,Centre,Lekie,Batschenga,Groupement Benyada-Sud,Nkolkpali
Cameroon,Centre,Lekie,Batschenga,Groupement Benyada-Sud,Nkolmekok
Cameroon,Centre,Lekie,Ebebda,Ebebda Ville,Ebebda I
Cameroon,Centre,Lekie,Ebebda,Ebebda Ville,Ebebda II
Cameroon,Centre,Lekie,Ebebda,Abam,Ebong
Cameroon,Centre,Lekie,Ebebda,Abam,Ekome
Cameroon,Centre,Lekie,Ebebda,Abam,Endoum
Cameroon,Centre,Lekie,Ebebda,Abam,Koan
Cameroon,Centre,Lekie,Ebebda,Abam,Nega
Cameroon,Centre,Lekie,Ebebda,Abam,Ngoksa
Cameroon,Centre,Lekie,Ebebda,Abam,Zokogo
Cameroon,Centre,Lekie,Ebebda,Abam-Ngoé,Abang-Nang
Cameroon,Centre,Lekie,Ebebda,Abam-Ngoé,Lendong
Cameroon,Centre,Lekie,Ebebda,Abam-Ngoé,Melen
Cameroon,Centre,Lekie,Ebebda,Abam-Ngoé,Nega
Cameroon,Centre,Lekie,Ebebda,Abam-Ngoé,Nkom I
Cameroon,Centre,Lekie,Ebebda,Begnougtou,Koan
Cameroon,Centre,Lekie,Ebebda,Benyabega,Ebebda I
Cameroon,Centre,Lekie,Ebebda,Benyabega,Etam-Kouma
Cameroon,Centre,Lekie,Ebebda,Benyabega,Eyene
Cameroon,Centre,Lekie,Ebebda,Benyabega,Lenyong
Cameroon,Centre,Lekie,Ebebda,Benyabega,Nkang Efok
Cameroon,Centre,Lekie,Ebebda,Benyabega,Nlong Zok
Cameroon,Centre,Lekie,Ebebda,Benyabega,Nkom I
Cameroon,Centre,Lekie,Ebebda,Benyabega,Nkom II
Cameroon,Centre,Lekie,Ebebda,Benyabega,Tsang
Cameroon,Centre,Lekie,Ebebda,Benyabega,Bikogo
Cameroon,Centre,Lekie,Ebebda,Benyabega,Djounat
Cameroon,Centre,Lekie,Ebebda,Benyabega,Ebomzout
Cameroon,Centre,Lekie,Ebebda,Benyabega,Mbenega
Cameroon,Centre,Lekie,Ebebda,Benyabega,Ndounda
Cameroon,Centre,Lekie,Ebebda,Nkol Kossé,Bilik Bindik
Cameroon,Centre,Lekie,Ebebda,Nkol Kossé,Nkog Edzen
Cameroon,Centre,Lekie,Ebebda,Nkol Kossé,Leka
Cameroon,Centre,Lekie,Ebebda,Nkol Kossé,Polo I
Cameroon,Centre,Lekie,Ebebda,Nkol Kossé,Polo II
Cameroon,Centre,Lekie,Ebebda,Nkol Kossé,Nkolossang
Cameroon,Centre,Lekie,Ebebda,Yengomba,Nkolelouga
Cameroon,Centre,Lekie,Elig-Mfomo,Elig-Mfomo Ville,Elig-Mfomo Centre
Cameroon,Centre,Lekie,Elig-Mfomo,Elig-Mfomo Ville,Nkolzek
Cameroon,Centre,Lekie,Elig-Mfomo,Elig-Mfomo Rural,Akak
Cameroon,Centre,Lekie,Elig-Mfomo,Elig-Mfomo Rural,Bikogo
Cameroon,Centre,Lekie,Elig-Mfomo,Elig-Mfomo Rural,Bodo
Cameroon,Centre,Lekie,Elig-Mfomo,Elig-Mfomo Rural,Elig Onana
Cameroon,Centre,Lekie,Elig-Mfomo,Elig-Mfomo Rural,Elot Kos
Cameroon,Centre,Lekie,Elig-Mfomo,Elig-Mfomo Rural,Endama I
Cameroon,Centre,Lekie,Elig-Mfomo,Elig-Mfomo Rural,Endama II
Cameroon,Centre,Lekie,Elig-Mfomo,Elig-Mfomo Rural,Enobita
Cameroon,Centre,Lekie,Elig-Mfomo,Elig-Mfomo Rural,Kokodo I
Cameroon,Centre,Lekie,Elig-Mfomo,Elig-Mfomo Rural,Kokodo II
Cameroon,Centre,Lekie,Elig-Mfomo,Elig-Mfomo Rural,Komo-Essélé
Cameroon,Centre,Lekie,Elig-Mfomo,Elig-Mfomo Rural,Lékié
Cameroon,Centre,Lekie,Elig-Mfomo,Elig-Mfomo Rural,Lekoukoua
Cameroon,Centre,Lekie,Elig-Mfomo,Elig-Mfomo Rural,Mbanedouma I
Cameroon,Centre,Lekie,Elig-Mfomo,Elig-Mfomo Rural,Mbanedouma II
Cameroon,Centre,Lekie,Elig-Mfomo,Elig-Mfomo Rural,Mebomo
Cameroon,Centre,Lekie,Elig-Mfomo,Elig-Mfomo Rural,Niga
Cameroon,Centre,Lekie,Elig-Mfomo,Elig-Mfomo Rural,Nkengue
Cameroon,Centre,Lekie,Elig-Mfomo,Elig-Mfomo Rural,Nkol Bikok
Cameroon,Centre,Lekie,Elig-Mfomo,Elig-Mfomo Rural,Nkol Mba
Cameroon,Centre,Lekie,Elig-Mfomo,Elig-Mfomo Ville,Nkol Obang I
Cameroon,Centre,Lekie,Elig-Mfomo,Elig-Mfomo Ville,Nkol Obang II
Cameroon,Centre,Lekie,Elig-Mfomo,Elig-Mfomo Ville,Nkol Ossan
Cameroon,Centre,Lekie,Elig-Mfomo,Elig-Mfomo Ville,Okok-Essélé
Cameroon,Centre,Lekie,Evodoula,Evodoula-Ville,Accueil
Cameroon,Centre,Lekie,Evodoula,Evodoula-Ville,Ayissi
Cameroon,Centre,Lekie,Evodoula,Evodoula-Ville,Doumassi
Cameroon,Centre,Lekie,Evodoula,Evodoula-Ville,Haoussa
Cameroon,Centre,Lekie,Evodoula,Evodoula-Ville,Mission Catholique
Cameroon,Centre,Lekie,Evodoula,Mvog Onamenye 2,Etok
Cameroon,Centre,Lekie,Evodoula,Mvog Onamenye 3,Ekol
Cameroon,Centre,Lekie,Evodoula,Mvog Onamenye 4,Evodoula-Village
Cameroon,Centre,Lekie,Evodoula,Mvog Onamenye 5,Mbel-Bikol
Cameroon,Centre,Lekie,Evodoula,Mvog Onamenye 6,Minwoho-Centre
Cameroon,Centre,Lekie,Evodoula,Mvog Onamenye 7,Minwoho-Sud
Cameroon,Centre,Lekie,Evodoula,Mvog Onamenye 8,Nkod Abel
Cameroon,Centre,Lekie,Evodoula,Mvog Onamenye 9,Nkol Abang
Cameroon,Centre,Lekie,Evodoula,Mvog Onamenye 10,Nkolakok
Cameroon,Centre,Lekie,Evodoula,Mvog Onamenye 11,Nkolkougda 1
Cameroon,Centre,Lekie,Evodoula,Mvog Onamenye 12,Nkolkougda 2
Cameroon,Centre,Lekie,Evodoula,Mvog Onamenye 13,Nkol Ohandja
Cameroon,Centre,Lekie,Evodoula,Mvog Onamenye 14,Nkol Seng I
Cameroon,Centre,Lekie,Evodoula,Mvog Onamenye 15,Nkol Seng II
Cameroon,Centre,Lekie,Evodoula,Mvog Onamenye 16,Nlong Menang
Cameroon,Centre,Lekie,Evodoula,Mvog Onamenye 17,Pobo
Cameroon,Centre,Lekie,Evodoula,Ntsas-Endo,Elah
Cameroon,Centre,Lekie,Evodoula,Ntsas-Endo,Elig Zogo
Cameroon,Centre,Lekie,Evodoula,Ntsas-Endo,Enoh
Cameroon,Centre,Lekie,Evodoula,Ntsas-Endo,Eyen-Meyong
Cameroon,Centre,Lekie,Evodoula,Ntsas-Endo,Kalngaha
Cameroon,Centre,Lekie,Evodoula,Ntsas-Endo,Komo
Cameroon,Centre,Lekie,Evodoula,Ntsas-Endo,Meyos
Cameroon,Centre,Lekie,Evodoula,Ntsas-Endo,Ngbabang 1
Cameroon,Centre,Lekie,Evodoula,Ntsas-Endo,Ngbabang 2
Cameroon,Centre,Lekie,Evodoula,Ntsas-Endo,Ngbabang 3
Cameroon,Centre,Lekie,Evodoula,Ntsas-Endo,Ngobo
Cameroon,Centre,Lekie,Evodoula,Ntsas-Endo,Nguesse
Cameroon,Centre,Lekie,Evodoula,Ntsas-Endo,Nkol Assa 1
Cameroon,Centre,Lekie,Evodoula,Ntsas-Endo,Nkol Assa 2
Cameroon,Centre,Lekie,Evodoula,Ntsas-Endo,Nkol Meyos 1
Cameroon,Centre,Lekie,Evodoula,Ntsas-Endo,Nkol Meyos 2
Cameroon,Centre,Lekie,Evodoula,Ntsas-Endo,Nkol Nguélé
Cameroon,Centre,Lekie,Evodoula,Ntsas-Endo,Nloudou
Cameroon,Centre,Lekie,Evodoula,Ntsas-Endo,Ntouda Centre
Cameroon,Centre,Lekie,Evodoula,Ntsas-Endo,Ntouda Sud
Cameroon,Centre,Lekie,Evodoula,Ntsas-Endo,Okok 1
Cameroon,Centre,Lekie,Evodoula,Ntsas-Endo,Okok 2
Cameroon,Centre,Lekie,Evodoula,Ntsas-Endo,Pongsolo
Cameroon,Centre,Lekie,Lobo,Lobo Ville,Lobo
Cameroon,Centre,Lekie,Lobo,Groupement Mvog Nama I,Adjap
Cameroon,Centre,Lekie,Lobo,Groupement Mvog Nama I,Akok
Cameroon,Centre,Lekie,Lobo,Groupement Mvog Nama I,Ekekam 3
Cameroon,Centre,Lekie,Lobo,Groupement Mvog Nama I,Ekoumtik
Cameroon,Centre,Lekie,Lobo,Groupement Mvog Nama I,Eyang
Cameroon,Centre,Lekie,Lobo,Groupement Mvog Nama I,Kelle
Cameroon,Centre,Lekie,Lobo,Groupement Mvog Nama I,Koudi
Cameroon,Centre,Lekie,Lobo,Groupement Mvog Nama I,Menguek 1
Cameroon,Centre,Lekie,Lobo,Groupement Mvog Nama I,Menguek 2
Cameroon,Centre,Lekie,Lobo,Groupement Mvog Nama I,Minkoa
Cameroon,Centre,Lekie,Lobo,Groupement Mvog Nama I,Ngoas
Cameroon,Centre,Lekie,Lobo,Groupement Mvog Nama I,Ngoulemekong
Cameroon,Centre,Lekie,Lobo,Groupement Mvog Nama I,Nkolbeyegle
Cameroon,Centre,Lekie,Lobo,Groupement Mvog Nama I,Nkolmeyang
Cameroon,Centre,Lekie,Lobo,Groupement Mvog Nama I,Nkolnguet
Cameroon,Centre,Lekie,Lobo,Groupement Mvog Nama I,Nkolyem
Cameroon,Centre,Lekie,Lobo,Groupement Mvog Nama I,Nkongmessa
Cameroon,Centre,Lekie,Lobo,Groupement Mvog Nama I,Nlong
Cameroon,Centre,Lekie,Lobo,Groupement Mvog Nama I,Ovang
Cameroon,Centre,Lekie,Lobo,Groupement Mvog Nama I,Ozom 1
Cameroon,Centre,Lekie,Lobo,Groupement Mvog Nama I,Ozom 2
Cameroon,Centre,Lekie,Lobo,Groupement Mvog Nama I,Ozom 3
Cameroon,Centre,Lekie,Lobo,Groupement Mvog Nama I,Tikong
Cameroon,Centre,Lekie,Lobo,Groupement Mvog Nama I,Tsek
Cameroon,Centre,Lekie,Lobo,Groupement Mvog Nama I,Voa 3
Cameroon,Centre,Lekie,Monatele,Monatélé Ville,Allogene 1
Cameroon,Centre,Lekie,Monatele,Monatélé Ville,Allogene 2
Cameroon,Centre,Lekie,Monatele,Monatélé Ville,Allogene 3
Cameroon,Centre,Lekie,Monatele,Monatélé Ville,Monatélé 1
Cameroon,Centre,Lekie,Monatele,Monatélé Ville,Ndoup Quartier
Cameroon,Centre,Lekie,Monatele,Monatélé Ville,Nkongmedog
Cameroon,Centre,Lekie,Monatele,Monatélé Ville,Nouveau Quartier
Cameroon,Centre,Lekie,Monatele,Monatélé Ville,Obeng
Cameroon,Centre,Lekie,Monatele,Monatélé Ville,Sous-Bois
Cameroon,Centre,Lekie,Monatele,Ekot,Etom
Cameroon,Centre,Lekie,Monatele,Ekot,Lenouk
Cameroon,Centre,Lekie,Monatele,Ekot,Levem
Cameroon,Centre,Lekie,Monatele,Ekot,Mong
Cameroon,Centre,Lekie,Monatele,Ekot,Ndoup
Cameroon,Centre,Lekie,Monatele,Ekot,Nkolevida
Cameroon,Centre,Lekie,Monatele,Ekot,Nkolmelen
Cameroon,Centre,Lekie,Monatele,Ekot,Nkolngal
Cameroon,Centre,Lekie,Monatele,Ekot,Nkolowono
Cameroon,Centre,Lekie,Monatele,Ekot,Nkongmessa
Cameroon,Centre,Lekie,Monatele,Ekot,Nkongmesse I
Cameroon,Centre,Lekie,Monatele,Ekot,Nkongmesse II
Cameroon,Centre,Lekie,Monatele,Ekot,Ntol
Cameroon,Centre,Lekie,Monatele,Ekot,Ossebe
Cameroon,Centre,Lekie,Monatele,Eyeng-Meyong,Ekouda
Cameroon,Centre,Lekie,Monatele,Eyeng-Meyong,Elig-Bikoun
Cameroon,Centre,Lekie,Monatele,Eyeng-Meyong,Eyeng-Meyong
Cameroon,Centre,Lekie,Monatele,Eyeng-Meyong,Ngama
Cameroon,Centre,Lekie,Monatele,Eyeng-Meyong,Nkolfeb
Cameroon,Centre,Lekie,Monatele,Eyeng-Meyong,Nkol-Ngobo
Cameroon,Centre,Lekie,Monatele,Eyeng-Meyong,Nkol-Onana
Cameroon,Centre,Lekie,Monatele,Eyeng-Meyong,Tala I
Cameroon,Centre,Lekie,Monatele,Eyeng-Meyong,Tala II
Cameroon,Centre,Lekie,Monatele,Kougouda,Ebanga
Cameroon,Centre,Lekie,Monatele,Kougouda,Ebolmongo
Cameroon,Centre,Lekie,Monatele,Kougouda,Elon
Cameroon,Centre,Lekie,Monatele,Kougouda,Emana
Cameroon,Centre,Lekie,Monatele,Kougouda,Ezezang
Cameroon,Centre,Lekie,Monatele,Kougouda,Kougouda I
Cameroon,Centre,Lekie,Monatele,Kougouda,Kougouda II
Cameroon,Centre,Lekie,Monatele,Kougouda,Ngomo Maire
Cameroon,Centre,Lekie,Monatele,Kougouda,Ngomo-Centre
Cameroon,Centre,Lekie,Monatele,Kougouda,Nkog-Bong
Cameroon,Centre,Lekie,Monatele,Kougouda,Nkog-Ekogo
Cameroon,Centre,Lekie,Monatele,Kougouda,Nkol Tomo I
Cameroon,Centre,Lekie,Monatele,Kougouda,Nkoltomo III
Cameroon,Centre,Lekie,Monatele,Kougouda,Nkolve
Cameroon,Centre,Lekie,Monatele,Kougouda,Poupouma
Cameroon,Centre,Lekie,Monatele,Mvog Onamenye 1,Ebondégué
Cameroon,Centre,Lekie,Monatele,Mvog Onamenye 2,Ekekom
Cameroon,Centre,Lekie,Monatele,Mvog Onamenye 3,Lekoun
Cameroon,Centre,Lekie,Monatele,Mvog Onamenye 4,Léla
Cameroon,Centre,Lekie,Monatele,Mvog Onamenye 5,Mengono
Cameroon,Centre,Lekie,Monatele,Mvog Onamenye 6,Mpong
Cameroon,Centre,Lekie,Monatele,Mvog Onamenye 7,Mvomekeak 2
Cameroon,Centre,Lekie,Monatele,Mvog Onamenye 8,Nkol Mebel
Cameroon,Centre,Lekie,Monatele,Mvog Onamenye 9,Nkolmelong
Cameroon,Centre,Lekie,Monatele,Mvog Onamenye 10,Nkolndoup
Cameroon,Centre,Lekie,Monatele,Mvog Onamenye 11,Nkombibam I
Cameroon,Centre,Lekie,Monatele,Mvog Onamenye 12,Nkombibam II
Cameroon,Centre,Lekie,Monatele,Mvog Onamenye 13,Nlongbon I
Cameroon,Centre,Lekie,Monatele,Mvog Onamenye 14,Nlongbon II
Cameroon,Centre,Lekie,Monatele,Mvog Onamenye 15,Nlongbon III
Cameroon,Centre,Lekie,Monatele,Mvog Onamenye 16,Nlongbon IV
Cameroon,Centre,Lekie,Monatele,Mvog Onamenye 17,Zobsila
Cameroon,Centre,Lekie,Monatele,Mvog Onamenye 2,Monabo I
Cameroon,Centre,Lekie,Monatele,Mvog Onamenye 3,Mvomekak I
Cameroon,Centre,Lekie,Monatele,Mvog Onamenye 4,Ngbaba 1
Cameroon,Centre,Lekie,Monatele,Mvog Onamenye 5,Ngbaba 2
Cameroon,Centre,Lekie,Monatele,Mvog Onamenye 6,Ngbaba I
Cameroon,Centre,Lekie,Monatele,Mvog Onamenye 7,Ngbaba II
Cameroon,Centre,Lekie,Monatele,Mvog Onamenye 8,Ovang
Cameroon,Centre,Lekie,Monatele,Nkolkossé,Bikogo
Cameroon,Centre,Lekie,Monatele,Nkolkossé,Nkang
Cameroon,Centre,Lekie,Monatele,Nkolkossé,Nkolkossé
Cameroon,Centre,Lekie,Monatele,Nkolkossé,Nkolmetolo 1
Cameroon,Centre,Lekie,Monatele,Nkolkossé,Nkolossananga
Cameroon,Centre,Lekie,Monatele,Nkolkossé,Okokodo
Cameroon,Centre,Lekie,Obala,Obala Ville,Abokono
Cameroon,Centre,Lekie,Obala,Obala Ville,Bikogassi
Cameroon,Centre,Lekie,Obala,Obala Ville,Ebolakoun
Cameroon,Centre,Lekie,Obala,Obala Ville,Elig-Bessala
Cameroon,Centre,Lekie,Obala,Obala Ville,Elot 1
Cameroon,Centre,Lekie,Obala,Obala Ville,Elot 2
Cameroon,Centre,Lekie,Obala,Obala Ville,Foulassi
Cameroon,Centre,Lekie,Obala,Obala Ville,Mboua 1
Cameroon,Centre,Lekie,Obala,Obala Ville,Mboua 2
Cameroon,Centre,Lekie,Obala,Obala Ville,Ndjong-Mezegue
Cameroon,Centre,Lekie,Obala,Obala Ville,Nkolbikok
Cameroon,Centre,Lekie,Obala,Obala Ville,Zone 1
Cameroon,Centre,Lekie,Obala,Obala Ville,Zone 2
Cameroon,Centre,Lekie,Obala,Benyada Sud,Elomzok
Cameroon,Centre,Lekie,Obala,Benyada Sud,Minkama
Cameroon,Centre,Lekie,Obala,Benyada Sud,Nkol Ekui
Cameroon,Centre,Lekie,Obala,Benyada Sud,Village Pionnier
Cameroon,Centre,Lekie,Obala,Efok,Efok
Cameroon,Centre,Lekie,Obala,Efok,Ntsan
Cameroon,Centre,Lekie,Obala,Efok,Tsek
Cameroon,Centre,Lekie,Obala,Endinding,Abono
Cameroon,Centre,Lekie,Obala,Endinding,Efoumelessi
Cameroon,Centre,Lekie,Obala,Endinding,Ekabita Essélé
Cameroon,Centre,Lekie,Obala,Endinding,Elig Bodo
Cameroon,Centre,Lekie,Obala,Endinding,Elig Ngomo
Cameroon,Centre,Lekie,Obala,Endinding,Endinding
Cameroon,Centre,Lekie,Obala,Endinding,Essong
Cameroon,Centre,Lekie,Obala,Endinding,Etong Bidjoé
Cameroon,Centre,Lekie,Obala,Endinding,Ezezang Essélé
Cameroon,Centre,Lekie,Obala,Endinding,Mbakomo
Cameroon,Centre,Lekie,Obala,Endinding,Nkol Tsogo 1
Cameroon,Centre,Lekie,Obala,Endinding,Nkol Tsogo 2
Cameroon,Centre,Lekie,Obala,Endinding,Nkot Abang
Cameroon,Centre,Lekie,Obala,Endinding,Zima
Cameroon,Centre,Lekie,Obala,Endinding,Zouatoupsi
Cameroon,Centre,Lekie,Obala,Loua,Komo-Mvog-Kani
Cameroon,Centre,Lekie,Obala,Loua,Loua 1
Cameroon,Centre,Lekie,Obala,Loua,Loua 2
Cameroon,Centre,Lekie,Obala,Loua,Ngongo
Cameroon,Centre,Lekie,Obala,Loua,Nkolewodo
Cameroon,Centre,Lekie,Obala,Loua,Nkol Fon(Mbele I)
Cameroon,Centre,Lekie,Obala,Loua,Nkoltomo 2
Cameroon,Centre,Lekie,Obala,Loua,Yemessoa 1
Cameroon,Centre,Lekie,Obala,Loua,Yemessoa 2
Cameroon,Centre,Lekie,Obala,Loua,Yemkout
Cameroon,Centre,Lekie,Obala,Mendoum,Ekabita Mendoum
Cameroon,Centre,Lekie,Obala,Mendoum,Ezezang Mendoum
Cameroon,Centre,Lekie,Obala,Mendoum,Mfomakap
Cameroon,Centre,Lekie,Obala,Mendoum,Mindjomo
Cameroon,Centre,Lekie,Obala,Mendoum,Mvog-Dzigui
Cameroon,Centre,Lekie,Obala,Mendoum,Nkol Mendouga
Cameroon,Centre,Lekie,Obala,Mendoum,Nkol Ntara
Cameroon,Centre,Lekie,Obala,Mendoum,Nkol Tima
Cameroon,Centre,Lekie,Obala,Mendoum,Nkom Ndamba
Cameroon,Centre,Lekie,Obala,Mendoum,Nkometou 2
Cameroon,Centre,Lekie,Obala,Mendoum,Yemsoum 1
Cameroon,Centre,Lekie,Obala,Mendoum,Yemsoum 2
Cameroon,Centre,Lekie,Obala,Nkol Feb,Elig Nkouma 1
Cameroon,Centre,Lekie,Obala,Nkol Feb,Elig Nkouma 2
Cameroon,Centre,Lekie,Obala,Nkol Feb,Elig Ntsogo
Cameroon,Centre,Lekie,Obala,Nkol Feb,Etoud-Ayos
Cameroon,Centre,Lekie,Obala,Nkol Feb,Koudandeng
Cameroon,Centre,Lekie,Obala,Nkol Feb,Lékié Assi
Cameroon,Centre,Lekie,Obala,Nkol Feb,Nkol Feb
Cameroon,Centre,Lekie,Obala,Nkol Feb,Nkol Ndobo
Cameroon,Centre,Lekie,Obala,Nkol Feb,Nkomefoufoum
Cameroon,Centre,Lekie,Obala,Nkol Feb,Nto
Cameroon,Centre,Lekie,Obala,Nkol Feb,Zima
Cameroon,Centre,Lekie,Obala,Nkoledouma,Mbele 1
Cameroon,Centre,Lekie,Obala,Nkoledouma,Mbele 2
Cameroon,Centre,Lekie,Obala,Nkoledouma,Nkoledouma
Cameroon,Centre,Lekie,Obala,Obala Rural,Afambassi-Elende
Cameroon,Centre,Lekie,Obala,Obala Rural,Ekokom
Cameroon,Centre,Lekie,Obala,Obala Rural,Ekoumdouma
Cameroon,Centre,Lekie,Obala,Obala Rural,Elog-Ngazouma
Cameroon,Centre,Lekie,Obala,Obala Rural,Lebobi
Cameroon,Centre,Lekie,Obala,Obala Rural,Lengom
Cameroon,Centre,Lekie,Obala,Obala Rural,Mekas
Cameroon,Centre,Lekie,Obala,Obala Rural,Nkol Evodo
Cameroon,Centre,Lekie,Obala,Obala Rural,Nkol Foulou 3
Cameroon,Centre,Lekie,Obala,Obala Rural,Nkol Mbene
Cameroon,Centre,Lekie,Obala,Obala Rural,Nkol Melen
Cameroon,Centre,Lekie,Obala,Obala Rural,Nkol Nguem 1
Cameroon,Centre,Lekie,Obala,Obala Rural,Nkol Nguem 2
Cameroon,Centre,Lekie,Obala,Obala Rural,Nkol Obili
Cameroon,Centre,Lekie,Obala,Obala Rural,Nkometou 3
Cameroon,Centre,Lekie,Okola,Okola Ville,Quartier
Cameroon,Centre,Lekie,Okola,Okola Ville,Administratif
Cameroon,Centre,Lekie,Okola,Okola Ville,Quartier Haoussa
Cameroon,Centre,Lekie,Okola,Okola Ville,Lekie Assi
Cameroon,Centre,Lekie,Okola,Okola Ville,Nkolmeba
Cameroon,Centre,Lekie,Okola,Okola Ville,Nylon
Cameroon,Centre,Lekie,Okola,Eton Beti,Bilono 1
Cameroon,Centre,Lekie,Okola,Eton Beti,Bilono 2
Cameroon,Centre,Lekie,Okola,Eton Beti,Ebod
Cameroon,Centre,Lekie,Okola,Eton Beti,Ekabita Tom
Cameroon,Centre,Lekie,Okola,Eton Beti,Ekong
Cameroon,Centre,Lekie,Okola,Eton Beti,Etoud
Cameroon,Centre,Lekie,Okola,Eton Beti,Leboudi 1
Cameroon,Centre,Lekie,Okola,Eton Beti,Leboudi 2
Cameroon,Centre,Lekie,Okola,Eton Beti,Metak
Cameroon,Centre,Lekie,Okola,Eton Beti,Mintotomo
Cameroon,Centre,Lekie,Okola,Eton Beti,Mvoua
Cameroon,Centre,Lekie,Okola,Eton Beti,Ngoya 1
Cameroon,Centre,Lekie,Okola,Eton Beti,Ngoya 2
Cameroon,Centre,Lekie,Okola,Eton Beti,Ngoya 3
Cameroon,Centre,Lekie,Okola,Eton Beti,Nkolbega
Cameroon,Centre,Lekie,Okola,Eton Beti,Nkolessong
Cameroon,Centre,Lekie,Okola,Eton Beti,Nkolondom
Cameroon,Centre,Lekie,Okola,Eton Beti,Nkong
Cameroon,Centre,Lekie,Okola,Eton Beti,Nouma
Cameroon,Centre,Lekie,Okola,Eton Beti,Obak
Cameroon,Centre,Lekie,Okola,Eton Beti,Okoukouda
Cameroon,Centre,Lekie,Okola,Eton Beti,Yegassi
Cameroon,Centre,Lekie,Okola,Mvog Nama 2,Ayos
Cameroon,Centre,Lekie,Okola,Mvog Nama 3,Elig Ndoum
Cameroon,Centre,Lekie,Okola,Mvog Nama 4,Elig Onana
Cameroon,Centre,Lekie,Okola,Mvog Nama 5,Elig Yen
Cameroon,Centre,Lekie,Okola,Mvog Nama 6,Eviane
Cameroon,Centre,Lekie,Okola,Mvog Nama 7,Fegminbang
Cameroon,Centre,Lekie,Okola,Mvog Nama 8,Kolpoblo
Cameroon,Centre,Lekie,Okola,Mvog Nama 9,Lebot
Cameroon,Centre,Lekie,Okola,Mvog Nama 10,Lendom 1
Cameroon,Centre,Lekie,Okola,Mvog Nama 11,Lengon
Cameroon,Centre,Lekie,Okola,Mvog Nama 12,Mekak
Cameroon,Centre,Lekie,Okola,Mvog Nama 13,Minsoa 1
Cameroon,Centre,Lekie,Okola,Mvog Nama 14,Minsoa 2
Cameroon,Centre,Lekie,Okola,Mvog Nama 15,Mva'a 1
Cameroon,Centre,Lekie,Okola,Mvog Nama 16,Mva'a 2
Cameroon,Centre,Lekie,Okola,Mvog Nama 17,Ngobassi
Cameroon,Centre,Lekie,Okola,Mvog Nama 18,Nkodassa
Cameroon,Centre,Lekie,Okola,Mvog Nama 19,Nkolakié
Cameroon,Centre,Lekie,Okola,Mvog Nama 20,Nkoldjobe
Cameroon,Centre,Lekie,Okola,Mvog Nama 21,Nkolekotsing
Cameroon,Centre,Lekie,Okola,Mvog Nama 22,Nkolessong
Cameroon,Centre,Lekie,Okola,Mvog Nama 23,Nkolfeb
Cameroon,Centre,Lekie,Okola,Mvog Nama 24,Nkolfem
Cameroon,Centre,Lekie,Okola,Mvog Nama 25,Nkolmedoua
Cameroon,Centre,Lekie,Okola,Mvog Nama 26,Nkolnyada
Cameroon,Centre,Lekie,Okola,Mvog Nama 27,Nkoltsiba
Cameroon,Centre,Lekie,Okola,Mvog Nama 28,Nkolvanize
Cameroon,Centre,Lekie,Okola,Mvog Nama 29,Nkolzibi
Cameroon,Centre,Lekie,Okola,Mvog Nama 30,Ntuissong
Cameroon,Centre,Lekie,Okola,Mvog Nama 31,Nyemeyong
Cameroon,Centre,Lekie,Okola,Mvog Nama 32,Song Onana
Cameroon,Centre,Lekie,Okola,Mvog Nama 33,Voa 1
Cameroon,Centre,Lekie,Okola,Mvog Nama 34,Voa 2
Cameroon,Centre,Lekie,Okola,Mvog Onamenye 3,Bissogo
Cameroon,Centre,Lekie,Okola,Mvog Onamenye 4,Bitsingda
Cameroon,Centre,Lekie,Okola,Mvog Onamenye 5,Ebanga
Cameroon,Centre,Lekie,Okola,Mvog Onamenye 6,Ebougsi
Cameroon,Centre,Lekie,Okola,Mvog Onamenye 7,Ekekam 1
Cameroon,Centre,Lekie,Okola,Mvog Onamenye 3,Ekekam 2
Cameroon,Centre,Lekie,Okola,Mvog Onamenye 4,Konabeng
Cameroon,Centre,Lekie,Okola,Mvog Onamenye 5,Lendom 2
Cameroon,Centre,Lekie,Okola,Mvog Onamenye 6,Louma
Cameroon,Centre,Lekie,Okola,Mvog Onamenye 7,Mbelekié
Cameroon,Centre,Lekie,Okola,Mvog Onamenye 8,Ndangueng
Cameroon,Centre,Lekie,Okola,Mvog Onamenye 9,Ngong
Cameroon,Centre,Lekie,Okola,Mvog Onamenye 10,Nkolangoung
Cameroon,Centre,Lekie,Okola,Mvog Onamenye 11,Nkolotomo
Cameroon,Centre,Lekie,Okola,Mvog Onamenye 12,Nkonzok
Cameroon,Centre,Lekie,Okola,Mvog Onamenye 13,Ntsama
Cameroon,Centre,Lekie,Okola,Mvog Onamenye 14,Oban 1 (Nkol Ando'o)
Cameroon,Centre,Lekie,Okola,Mvog Onamenye 15,Oban 2
Cameroon,Centre,Lekie,Okola,Mvog Onamenye 16,Oyama
Cameroon,Centre,Lekie,Sa’a,Sa'a Ville,Administratif
Cameroon,Centre,Lekie,Sa’a,Sa'a Ville,Bamiléké
Cameroon,Centre,Lekie,Sa’a,Sa'a Ville,Commercial
Cameroon,Centre,Lekie,Sa’a,Sa'a Ville,Crat
Cameroon,Centre,Lekie,Sa’a,Sa'a Ville,Haoussa
Cameroon,Centre,Lekie,Sa’a,Sa'a Ville,Lac
Cameroon,Centre,Lekie,Sa’a,Sa'a Ville,Nkol Zamba
Cameroon,Centre,Lekie,Sa’a,Sa'a Ville,Prison
Cameroon,Centre,Lekie,Sa’a,Ebombo,Kokoe
Cameroon,Centre,Lekie,Sa’a,Ebombo,Mbassila
Cameroon,Centre,Lekie,Sa’a,Ebombo,Mbilmana
Cameroon,Centre,Lekie,Sa’a,Ebombo,Mendouga-Mokala
Cameroon,Centre,Lekie,Sa’a,Ebombo,Ndong Elang
Cameroon,Centre,Lekie,Sa’a,Ebombo,Ndovolo
Cameroon,Centre,Lekie,Sa’a,Ebombo,Nkol Angoung
Cameroon,Centre,Lekie,Sa’a,Ebombo,Nkol Ebassimbi
Cameroon,Centre,Lekie,Sa’a,Ebombo,Nkol Eboma
Cameroon,Centre,Lekie,Sa’a,Ebombo,Nkol Mgbana
Cameroon,Centre,Lekie,Sa’a,Ebombo,Nkol Ndjomo
Cameroon,Centre,Lekie,Sa’a,Ebombo,Nsan Mendouga
Cameroon,Centre,Lekie,Sa’a,Engab,Elang
Cameroon,Centre,Lekie,Sa’a,Engab,Mengon
Cameroon,Centre,Lekie,Sa’a,Engab,Momo
Cameroon,Centre,Lekie,Sa’a,Engab,Nkol Awono
Cameroon,Centre,Lekie,Sa’a,Engab,Nkol Bogo II
Cameroon,Centre,Lekie,Sa’a,Engab,Nkol Essono
Cameroon,Centre,Lekie,Sa’a,Engab,Nkolang I
Cameroon,Centre,Lekie,Sa’a,Engab,Nkolang II
Cameroon,Centre,Lekie,Sa’a,Engab,Nlongzok
Cameroon,Centre,Lekie,Sa’a,Kouna Odjolo,Abel
Cameroon,Centre,Lekie,Sa’a,Kouna Odjolo,Ebang Minala
Cameroon,Centre,Lekie,Sa’a,Kouna Odjolo,Ekalan Minkoul
Cameroon,Centre,Lekie,Sa’a,Kouna Odjolo,Essolmeyong
Cameroon,Centre,Lekie,Sa’a,Kouna Odjolo,Manelong
Cameroon,Centre,Lekie,Sa’a,Kouna Odjolo,Mbama
Cameroon,Centre,Lekie,Sa’a,Kouna Odjolo,Mbazoa
Cameroon,Centre,Lekie,Sa’a,Kouna Odjolo,Messam
Cameroon,Centre,Lekie,Sa’a,Kouna Odjolo,Nkol Zoa I
Cameroon,Centre,Lekie,Sa’a,Kouna Odjolo,Nkol Zoa II
Cameroon,Centre,Lekie,Sa’a,Kouna Odjolo,Nkolmesseng
Cameroon,Centre,Lekie,Sa’a,Kouna Odjolo,Nkolzomo
Cameroon,Centre,Lekie,Sa’a,Lebamzip,Ebang
Cameroon,Centre,Lekie,Sa’a,Lebamzip,Ekekom
Cameroon,Centre,Lekie,Sa’a,Lebamzip,Ekoum-Ondom
Cameroon,Centre,Lekie,Sa’a,Lebamzip,Lebamzip I
Cameroon,Centre,Lekie,Sa’a,Lebamzip,Lebamzip II
Cameroon,Centre,Lekie,Sa’a,Lebamzip,Mengama
Cameroon,Centre,Lekie,Sa’a,Lebamzip,Lopopomo
Cameroon,Centre,Lekie,Sa’a,Lebamzip,Nkol Kaï
Cameroon,Centre,Lekie,Sa’a,Lebamzip,Nkol Mekok
Cameroon,Centre,Lekie,Sa’a,Lebamzip,Nkol Meyos
Cameroon,Centre,Lekie,Sa’a,Lebamzip,Nkol Ngok
Cameroon,Centre,Lekie,Sa’a,Lebamzip,Nkol Ondogo
Cameroon,Centre,Lekie,Sa’a,Lebamzip,Nkol-Ebae
Cameroon,Centre,Lekie,Sa’a,Lebamzip,Nkolmekok
Cameroon,Centre,Lekie,Sa’a,Lebamzip,Nlong-Onambelé
Cameroon,Centre,Lekie,Sa’a,Lebamzip,Ntobo
Cameroon,Centre,Lekie,Sa’a,Lebamzip,Ntsa Ekang
Cameroon,Centre,Lekie,Sa’a,Nkol Bogo,Lekoubek
Cameroon,Centre,Lekie,Sa’a,Nkol Bogo,Mekimebodo
Cameroon,Centre,Lekie,Sa’a,Nkol Bogo,Melik
Cameroon,Centre,Lekie,Sa’a,Nkol Bogo,Nkol Ayos
Cameroon,Centre,Lekie,Sa’a,Nkol Bogo,Nkol Bogo I
Cameroon,Centre,Lekie,Sa’a,Nkol Bogo,Nkol Bogo III
Cameroon,Centre,Lekie,Sa’a,Nkol Bogo,Nkol Onguene
Cameroon,Centre,Lekie,Sa’a,Nkol Bogo,Nkolevodo
Cameroon,Centre,Lekie,Sa’a,Nkol Bogo,Ondondo I
Cameroon,Centre,Lekie,Sa’a,Nkol Bogo,Ondondo II
Cameroon,Centre,Lekie,Sa’a,Nkol Bogo,Womkoa
Cameroon,Centre,Lekie,Sa’a,Nkol Mvak,Edzen
Cameroon,Centre,Lekie,Sa’a,Nkol Mvak,Mban
Cameroon,Centre,Lekie,Sa’a,Nkol Mvak,Melik
Cameroon,Centre,Lekie,Sa’a,Nkol Mvak,Nkol Bibak
Cameroon,Centre,Lekie,Sa’a,Nkol Mvak,Nkol Djama I
Cameroon,Centre,Lekie,Sa’a,Nkol Mvak,Nkol Djama II
Cameroon,Centre,Lekie,Sa’a,Nkol Mvak,Nkol Ekono
Cameroon,Centre,Lekie,Sa’a,Nkol Mvak,Nkol Mefon
Cameroon,Centre,Lekie,Sa’a,Nkol Mvak,Nkol Meki
Cameroon,Centre,Lekie,Sa’a,Nkol Mvak,Nkol Mvak
Cameroon,Centre,Lekie,Sa’a,Nkol Mvak,Nkol Ntsa
Cameroon,Centre,Lekie,Sa’a,Nkol Mvak,Nkol Zomo
Cameroon,Centre,Lekie,Sa’a,Nkol Mvak,Nkolve
Cameroon,Centre,Lekie,Sa’a,Sa'a Rural,Ebogo
Cameroon,Centre,Lekie,Sa’a,Sa'a Rural,Ekoum-Douma
Cameroon,Centre,Lekie,Sa’a,Sa'a Rural,Elessogue
Cameroon,Centre,Lekie,Sa’a,Sa'a Rural,Koe
Cameroon,Centre,Lekie,Sa’a,Sa'a Rural,Nkol Ofoumbi
Cameroon,Centre,Lekie,Sa’a,Sa'a Rural,Nkolo
Cameroon,Centre,Lekie,Sa’a,Sa'a Rural,Polo